left_ir,right_ir,pos,left_motor,right_motor
424,24
416,230,g,24,24
415,224
424,196,g,24,24
424,194,g,24,24
424,196,g,24,24
423,198,g,24,24
421,200,g,24,24
417,212,g,24,24
416,230,g,24,24
415,2
413,241,g,24,24
413,245,g,24,24
413,246,g,24,24
415,253,g,24,24
416,256,g,24,24
415,256,g,24,24
415,251,g,24,24
413,246,g,24,24
413,247,g,24,24
415,251,g,24,24
415,250,g,24,24
415,253,g,24,24
416,255,g,24,24
416,255,g,24,24
416,259,g,24,24
415,258,g,24,24
416,263,g,24,24
418,268,g,24,24
418,269,g,24,24
420,273,g,24,24
421,280,g,24,24
422,287,g,24,24
423,292,g,24,24
422,288,g,24,24
424,293,g,24,24
426,291,g,24,24
426,286,g,24,24
426,290,g,24,24
426,288,g,24,24
426,286,g,24,24
427,285,g,24,24
426,280,g,24,24
426,275,g,24,24
425,270,g,24,24
425,271,g,24,24
426,272,g,24,24
425,268,g,24,24
424,264,g,24,24
425,263,g,24,24
422,252,g,24,24
420,246,g,24,24
421,242,g,24,24
420,239,g,24,24
420,230,g,24,24
417,219,g,24,24
416,209,g,24,24
416,207,g,24,24
418,211,g,24,24
419,211,g,24,24
419,209,g,24,24
417,203,g,24,24
419,213,g,24,24
423,225,g,24,24
423,229,g,24,24
425,234,g,24,24
428,248,g,24,24
430,254,g,24,24
429,242,g,24,24
431,238,g,24,24
432,244,g,24,24
432,250,g,24,24
431,249,g,24,24
431,252,g,24,24
430,253,g,24,24
426,250,g,24,24
419,269,g,24,24
411,262,g,24,24
402,277,g,24,24
395,269,g,24,24
387,306,g,24,24
384,285,g,24,24
388,301,g,24,24
385,279,g,24,24
389,268,g,24,24
379,269,g,24,24
397,277,g,24,24
392,250,g,24,24
391,256,g,24,24
341,247,g,24,24
316,260,g,24,24
308,246,g,24,24
337,268,g,24,24
373,313,g,24,24
378,334,g,24,24
392,292,g,24,24
409,199,g,24,24
462,219,g,24,24
460,253,g,24,24
411,286,g,24,24
382,286,g,24,24
388,307,g,24,24
386,275,g,24,24
401,275,g,24,24
406,291,g,24,24
410,292,g,24,24
402,267,g,24,24
374,240,g,24,24
387,242,g,24,24
382,202,g,24,24
399,224,g,24,24
441,261,g,24,24
458,298,g,24,24
443,319,g,24,24
421,310,g,24,24
399,315,g,24,24
380,340,g,24,24
376,332,g,24,24
383,327,g,24,24
399,327,g,24,24
373,328,g,24,24
332,307,g,24,24
312,331,g,24,24
322,336,g,24,24
341,351,g,24,24
391,326,g,24,24
432,381,g,24,24
425,348,g,24,24
411,313,g,24,24
395,294,g,24,24
381,317,g,24,24
388,369,g,24,24
377,366,g,24,24
384,368,g,24,24
374,323,g,24,24
394,308,g,24,24
345,324,g,24,24
337,325,g,24,24
384,317,g,24,24
446,305,g,24,24
463,332,g,24,24
484,358,g,24,24
470,397,g,24,24
438,380,g,24,24
397,400,g,24,24
405,485,l,24,-24
420,567,l,24,-24
415,615,l,24,-24
420,562,l,24,-24
413,501,l,24,-24
404,430,l,24,-24
384,288,g,24,24
377,286,g,24,24
379,274,g,24,24
384,294,g,24,24
391,311,g,24,24
378,303,g,24,24
354,317,g,24,24
347,308,g,24,24
357,311,g,24,24
377,291,g,24,24
396,301,g,24,24
389,316,g,24,24
360,364,g,24,24
354,398,g,24,24
362,462,l,24,-24
342,506,l,24,-24
332,566,l,24,-24
319,513,l,24,-24
301,411,l,24,-24
326,306,g,24,24
356,271,g,24,24
364,317,g,24,24
368,260,g,24,24
364,254,g,24,24
354,264,g,24,24
334,278,g,24,24
323,250,g,24,24
330,304,g,24,24
338,284,g,24,24
347,279,g,24,24
354,318,g,24,24
362,340,g,24,24
361,272,g,24,24
381,241,g,24,24
391,336,g,24,24
378,294,g,24,24
368,294,g,24,24
380,298,g,24,24
391,295,g,24,24
396,299,g,24,24
390,319,g,24,24
406,323,g,24,24
425,321,g,24,24
438,320,g,24,24
442,298,g,24,24
433,353,g,24,24
414,344,g,24,24
405,316,g,24,24
405,314,g,24,24
415,371,g,24,24
421,352,g,24,24
437,336,g,24,24
482,320,g,24,24
445,359,g,24,24
427,366,g,24,24
430,320,g,24,24
420,318,g,24,24
411,340,g,24,24
351,320,g,24,24
339,351,g,24,24
357,338,g,24,24
372,276,g,24,24
418,285,g,24,24
430,246,g,24,24
426,254,g,24,24
431,243,g,24,24
445,255,g,24,24
442,276,g,24,24
430,291,g,24,24
410,292,g,24,24
397,308,g,24,24
386,341,g,24,24
385,358,g,24,24
398,298,g,24,24
412,298,g,24,24
413,333,g,24,24
431,358,g,24,24
447,389,g,24,24
405,374,g,24,24
403,358,g,24,24
412,367,g,24,24
418,355,g,24,24
436,367,g,24,24
435,343,g,24,24
428,335,g,24,24
368,367,g,24,24
347,379,g,24,24
345,356,g,24,24
411,284,g,24,24
460,331,g,24,24
458,305,g,24,24
428,341,g,24,24
379,348,g,24,24
361,387,g,24,24
373,395,g,24,24
434,396,g,24,24
464,339,g,24,24
434,328,g,24,24
436,341,g,24,24
434,357,g,24,24
414,322,g,24,24
428,284,g,24,24
424,272,g,24,24
425,322,g,24,24
420,350,g,24,24
401,354,g,24,24
391,360,g,24,24
388,348,g,24,24
367,364,g,24,24
346,347,g,24,24
346,345,g,24,24
382,374,g,24,24
381,399,g,24,24
368,467,l,24,-24
373,427,l,24,-24
409,420,l,24,-24
404,331,g,24,24
406,324,g,24,24
401,333,g,24,24
398,336,g,24,24
391,330,g,24,24
356,338,g,24,24
310,320,g,24,24
348,285,g,24,24
397,302,g,24,24
389,290,g,24,24
366,235,g,24,24
395,213,g,24,24
448,211,g,24,24
482,227,g,24,24
505,243,g,24,24
483,238,g,24,24
433,269,g,24,24
421,273,g,24,24
432,247,g,24,24
437,253,g,24,24
417,239,g,24,24
424,224,g,24,24
419,233,g,24,24
400,258,g,24,24
408,272,g,24,24
438,271,g,24,24
416,264,g,24,24
467,238,g,24,24
491,224,g,24,24
472,278,g,24,24
520,323,g,24,24
477,307,g,24,24
463,306,g,24,24
483,288,g,24,24
480,263,g,24,24
428,218,g,24,24
400,235,g,24,24
388,262,g,24,24
362,283,g,24,24
384,302,g,24,24
388,291,g,24,24
402,247,g,24,24
404,236,g,24,24
437,258,g,24,24
426,221,g,24,24
415,255,g,24,24
428,265,g,24,24
448,319,g,24,24
425,301,g,24,24
388,287,g,24,24
406,292,g,24,24
406,276,g,24,24
422,243,g,24,24
426,210,g,24,24
424,239,g,24,24
426,325,g,24,24
449,298,g,24,24
454,297,g,24,24
438,236,g,24,24
397,221,g,24,24
367,241,g,24,24
317,302,g,24,24
379,303,g,24,24
420,293,g,24,24
449,277,g,24,24
463,282,g,24,24
463,267,g,24,24
444,269,g,24,24
463,279,g,24,24
467,314,g,24,24
431,405,l,24,-24
396,352,g,24,24
370,303,g,24,24
361,296,g,24,24
394,304,g,24,24
406,310,g,24,24
426,325,g,24,24
446,286,g,24,24
427,233,g,24,24
379,226,g,24,24
359,240,g,24,24
351,258,g,24,24
372,234,g,24,24
399,256,g,24,24
426,221,g,24,24
440,210,g,24,24
437,194,g,24,24
436,226,g,24,24
415,227,g,24,24
388,191,g,24,24
381,207,g,24,24
389,246,g,24,24
408,245,g,24,24
424,289,g,24,24
419,278,g,24,24
402,306,g,24,24
392,280,g,24,24
382,322,g,24,24
379,313,g,24,24
388,320,g,24,24
435,325,g,24,24
429,302,g,24,24
388,302,g,24,24
345,289,g,24,24
334,230,g,24,24
375,209,g,24,24
386,233,g,24,24
377,210,g,24,24
381,140,g,24,24
423,83,g,24,24
422,71,g,24,24
422,202,g,24,24
435,270,g,24,24
456,320,g,24,24
488,304,g,24,24
496,328,g,24,24
491,328,g,24,24
448,305,g,24,24
418,280,g,24,24
456,209,g,24,24
482,190,g,24,24
468,222,g,24,24
419,243,g,24,24
396,306,g,24,24
397,315,g,24,24
396,298,g,24,24
364,233,g,24,24
360,229,g,24,24
387,244,g,24,24
419,270,g,24,24
444,253,g,24,24
481,205,g,24,24
462,191,g,24,24
437,184,g,24,24
402,228,g,24,24
435,255,g,24,24
459,226,g,24,24
453,269,g,24,24
431,320,g,24,24
429,307,g,24,24
439,204,g,24,24
452,206,g,24,24
450,218,g,24,24
436,338,g,24,24
431,403,l,24,-24
434,493,l,24,-24
432,571,l,24,-24
427,516,l,24,-24
423,445,l,24,-24
439,375,g,24,24
454,251,g,24,24
452,210,g,24,24
452,141,g,24,24
445,108,g,24,24
444,181,g,24,24
438,254,g,24,24
408,254,g,24,24
360,296,g,24,24
357,339,g,24,24
380,382,g,24,24
420,381,g,24,24
447,370,g,24,24
404,481,l,24,-24
380,558,l,24,-24
403,622,l,24,-24
390,571,l,24,-24
403,479,l,24,-24
400,298,g,24,24
397,241,g,24,24
381,238,g,24,24
377,244,g,24,24
380,245,g,24,24
384,255,g,24,24
395,278,g,24,24
410,297,g,24,24
417,338,g,24,24
422,423,l,24,-24
411,464,l,24,-24
392,460,l,24,-24
398,424,l,24,-24
406,347,g,24,24
424,248,g,24,24
426,292,g,24,24
420,280,g,24,24
420,268,g,24,24
413,251,g,24,24
410,223,g,24,24
406,278,g,24,24
397,353,g,24,24
403,397,g,24,24
410,424,l,24,-24
424,484,l,24,-24
419,535,l,24,-24
408,476,l,24,-24
411,375,g,24,24
411,268,g,24,24
406,256,g,24,24
394,266,g,24,24
370,271,g,24,24
359,261,g,24,24
344,275,g,24,24
337,295,g,24,24
352,375,g,24,24
364,402,l,24,-24
401,457,l,24,-24
425,481,l,24,-24
437,416,l,24,-24
400,356,g,24,24
290,364,g,24,24
229,310,g,24,24
241,324,g,24,24
307,292,g,24,24
340,273,g,24,24
393,233,g,24,24
441,201,g,24,24
434,181,g,24,24
408,178,g,24,24
323,210,g,24,24
290,268,g,24,24
314,324,g,24,24
352,328,g,24,24
392,326,g,24,24
411,302,g,24,24
371,272,g,24,24
342,352,g,24,24
340,334,g,24,24
411,361,g,24,24
491,382,g,24,24
468,348,g,24,24
403,349,g,24,24
369,322,g,24,24
363,283,g,24,24
358,267,g,24,24
383,258,g,24,24
403,254,g,24,24
401,288,g,24,24
423,346,g,24,24
488,392,g,24,24
512,381,g,24,24
498,385,g,24,24
470,411,l,24,-24
409,375,g,24,24
353,346,g,24,24
348,336,g,24,24
387,325,g,24,24
409,315,g,24,24
416,324,g,24,24
385,324,g,24,24
403,318,g,24,24
407,344,g,24,24
408,394,g,24,24
414,359,g,24,24
398,351,g,24,24
374,322,g,24,24
361,328,g,24,24
377,534,l,24,-24
408,797,l,24,-24
410,853,l,24,-24
372,727,l,24,-24
389,565,l,24,-24
433,476,l,24,-24
455,361,g,24,24
458,374,g,24,24
463,349,g,24,24
462,388,g,24,24
446,363,g,24,24
420,333,g,24,24
387,326,g,24,24
360,292,g,24,24
345,267,g,24,24
343,236,g,24,24
343,207,g,24,24
339,270,g,24,24
333,287,g,24,24
333,293,g,24,24
323,291,g,24,24
346,287,g,24,24
380,276,g,24,24
408,256,g,24,24
420,282,g,24,24
437,282,g,24,24
465,357,g,24,24
488,373,g,24,24
503,392,g,24,24
482,347,g,24,24
447,276,g,24,24
433,326,g,24,24
423,295,g,24,24
418,304,g,24,24
410,293,g,24,24
390,282,g,24,24
370,263,g,24,24
351,250,g,24,24
355,244,g,24,24
359,247,g,24,24
388,258,g,24,24
397,250,g,24,24
380,262,g,24,24
352,222,g,24,24
309,173,g,24,24
285,192,g,24,24
296,252,g,24,24
331,303,g,24,24
360,305,g,24,24
402,278,g,24,24
429,271,g,24,24
433,263,g,24,24
440,233,g,24,24
418,231,g,24,24
374,234,g,24,24
356,204,g,24,24
375,182,g,24,24
405,169,g,24,24
406,166,g,24,24
410,186,g,24,24
422,223,g,24,24
421,241,g,24,24
411,264,g,24,24
402,281,g,24,24
406,233,g,24,24
403,253,g,24,24
385,225,g,24,24
369,222,g,24,24
355,228,g,24,24
344,242,g,24,24
335,213,g,24,24
340,166,g,24,24
346,184,g,24,24
341,210,g,24,24
335,218,g,24,24
338,225,g,24,24
353,223,g,24,24
381,265,g,24,24
409,272,g,24,24
422,298,g,24,24
475,320,g,24,24
607,288,g,24,24
768,268,r,-24,24
881,306,r,-24,24
898,350,r,-24,24
865,318,r,-24,24
740,291,r,-24,24
541,217,g,24,24
377,215,g,24,24
338,189,g,24,24
331,221,g,24,24
341,276,g,24,24
358,277,g,24,24
393,252,g,24,24
432,254,g,24,24
474,248,g,24,24
553,267,g,24,24
676,292,g,24,24
809,318,r,-24,24
902,298,r,-24,24
929,331,r,-24,24
911,235,r,-24,24
842,321,r,-24,24
646,302,g,24,24
436,236,g,24,24
342,195,g,24,24
330,229,g,24,24
356,294,g,24,24
428,264,g,24,24
499,250,g,24,24
601,261,g,24,24
713,230,g,24,24
807,226,r,-24,24
877,245,r,-24,24
884,199,r,-24,24
838,176,r,-24,24
718,146,g,24,24
574,179,g,24,24
486,228,g,24,24
467,260,g,24,24
473,261,g,24,24
489,249,g,24,24
524,219,g,24,24
579,120,g,24,24
646,77,g,24,24
697,133,g,24,24
757,201,r,-24,24
843,188,r,-24,24
853,205,r,-24,24
828,255,r,-24,24
745,282,r,-24,24
654,291,g,24,24
586,274,g,24,24
550,254,g,24,24
568,196,g,24,24
614,182,g,24,24
669,185,g,24,24
718,241,g,24,24
805,258,r,-24,24
883,242,r,-24,24
895,253,r,-24,24
876,233,r,-24,24
820,254,r,-24,24
717,235,g,24,24
607,278,g,24,24
539,315,g,24,24
531,316,g,24,24
575,277,g,24,24
629,290,g,24,24
681,310,g,24,24
727,287,r,-24,24
782,301,r,-24,24
798,314,r,-24,24
761,323,r,-24,24
680,317,g,24,24
582,334,g,24,24
521,323,g,24,24
485,331,g,24,24
486,329,g,24,24
536,349,g,24,24
599,369,g,24,24
667,363,g,24,24
722,352,g,24,24
789,363,r,-24,24
856,340,r,-24,24
885,370,r,-24,24
833,358,r,-24,24
741,336,r,-24,24
672,319,g,24,24
635,296,g,24,24
619,317,g,24,24
620,309,g,24,24
685,325,g,24,24
731,351,r,-24,24
800,384,r,-24,24
823,414,x,24,24
787,386,r,-24,24
740,386,r,-24,24
657,401,l,24,-24
576,401,l,24,-24
548,396,g,24,24
605,395,g,24,24
693,378,g,24,24
808,383,r,-24,24
904,390,r,-24,24
913,387,r,-24,24
863,372,r,-24,24
791,371,r,-24,24
700,380,g,24,24
615,401,l,24,-24
558,436,l,24,-24
534,417,l,24,-24
571,411,l,24,-24
687,398,g,24,24
827,380,r,-24,24
934,355,r,-24,24
954,355,r,-24,24
947,350,r,-24,24
917,387,r,-24,24
870,386,r,-24,24
778,393,r,-24,24
655,363,g,24,24
560,390,g,24,24
527,382,g,24,24
541,350,g,24,24
567,350,g,24,24
591,332,g,24,24
651,291,g,24,24
741,303,r,-24,24
818,315,r,-24,24
850,296,r,-24,24
816,300,r,-24,24
737,314,r,-24,24
642,307,g,24,24
550,237,g,24,24
496,217,g,24,24
509,260,g,24,24
551,298,g,24,24
613,264,g,24,24
702,263,g,24,24
798,265,r,-24,24
890,340,r,-24,24
926,383,r,-24,24
933,334,r,-24,24
929,272,r,-24,24
901,292,r,-24,24
843,357,r,-24,24
769,357,r,-24,24
697,334,g,24,24
635,256,g,24,24
611,179,g,24,24
627,142,g,24,24
711,234,g,24,24
819,311,r,-24,24
927,334,r,-24,24
955,357,r,-24,24
955,350,r,-24,24
945,296,r,-24,24
905,342,r,-24,24
833,331,r,-24,24
728,294,r,-24,24
624,266,g,24,24
547,300,g,24,24
528,314,g,24,24
555,317,g,24,24
635,310,g,24,24
741,302,r,-24,24
860,248,r,-24,24
907,290,r,-24,24
916,292,r,-24,24
899,314,r,-24,24
866,310,r,-24,24
814,289,r,-24,24
749,294,r,-24,24
693,315,g,24,24
654,295,g,24,24
667,272,g,24,24
702,261,g,24,24
806,274,r,-24,24
896,256,r,-24,24
934,263,r,-24,24
936,326,r,-24,24
926,349,r,-24,24
909,296,r,-24,24
871,258,r,-24,24
832,253,r,-24,24
785,268,r,-24,24
733,253,r,-24,24
691,261,g,24,24
654,255,g,24,24
632,261,g,24,24
676,285,g,24,24
787,283,r,-24,24
884,282,r,-24,24
934,275,r,-24,24
943,283,r,-24,24
944,313,r,-24,24
944,313,r,-24,24
941,281,r,-24,24
936,265,r,-24,24
930,271,r,-24,24
926,309,r,-24,24
914,319,r,-24,24
908,318,r,-24,24
888,315,r,-24,24
836,326,r,-24,24
761,291,r,-24,24
702,254,g,24,24
654,227,g,24,24
642,249,g,24,24
665,240,g,24,24
751,246,r,-24,24
850,266,r,-24,24
909,192,r,-24,24
928,196,r,-24,24
936,214,r,-24,24
930,227,r,-24,24
922,233,r,-24,24
906,254,r,-24,24
891,281,r,-24,24
870,314,r,-24,24
848,332,r,-24,24
828,307,r,-24,24
809,318,r,-24,24
789,299,r,-24,24
766,309,r,-24,24
735,312,r,-24,24
704,293,g,24,24
677,307,g,24,24
701,316,g,24,24
755,305,r,-24,24
836,352,r,-24,24
880,349,r,-24,24
904,319,r,-24,24
906,292,r,-24,24
909,296,r,-24,24
910,284,r,-24,24
902,265,r,-24,24
898,226,r,-24,24
886,221,r,-24,24
870,283,r,-24,24
853,250,r,-24,24
830,243,r,-24,24
809,268,r,-24,24
779,211,r,-24,24
752,217,r,-24,24
730,237,r,-24,24
695,222,g,24,24
684,190,g,24,24
693,176,g,24,24
719,204,g,24,24
795,279,r,-24,24
892,320,r,-24,24
948,316,r,-24,24
963,293,r,-24,24
967,280,r,-24,24
966,275,r,-24,24
960,302,r,-24,24
958,306,r,-24,24
956,274,r,-24,24
950,274,r,-24,24
944,254,r,-24,24
936,220,r,-24,24
933,223,r,-24,24
922,239,r,-24,24
906,230,r,-24,24
900,214,r,-24,24
885,194,r,-24,24
852,172,r,-24,24
805,178,r,-24,24
751,194,r,-24,24
719,210,g,24,24
683,230,g,24,24
686,228,g,24,24
702,224,g,24,24
755,201,r,-24,24
800,206,r,-24,24
826,223,r,-24,24
827,195,r,-24,24
812,188,r,-24,24
776,210,r,-24,24
728,237,r,-24,24
671,255,g,24,24
625,263,g,24,24
599,236,g,24,24
601,281,g,24,24
624,309,g,24,24
689,325,g,24,24
767,322,r,-24,24
812,263,r,-24,24
813,189,r,-24,24
794,216,r,-24,24
759,234,r,-24,24
717,278,g,24,24
668,313,g,24,24
626,311,g,24,24
615,354,g,24,24
642,316,g,24,24
690,268,g,24,24
741,253,r,-24,24
750,182,r,-24,24
706,174,g,24,24
697,190,g,24,24
696,234,g,24,24
687,251,g,24,24
692,257,g,24,24
698,279,g,24,24
726,267,r,-24,24
751,240,r,-24,24
769,223,r,-24,24
741,236,r,-24,24
708,252,g,24,24
665,241,g,24,24
628,232,g,24,24
616,224,g,24,24
639,191,g,24,24
660,203,g,24,24
664,246,g,24,24
684,286,g,24,24
681,305,g,24,24
685,302,g,24,24
707,234,g,24,24
764,239,r,-24,24
826,262,r,-24,24
868,296,r,-24,24
879,332,r,-24,24
881,315,r,-24,24
850,315,r,-24,24
831,289,r,-24,24
808,335,r,-24,24
780,332,r,-24,24
763,316,r,-24,24
745,303,r,-24,24
735,271,r,-24,24
721,286,g,24,24
710,277,g,24,24
696,283,g,24,24
701,293,g,24,24
708,260,g,24,24
753,239,r,-24,24
802,247,r,-24,24
841,268,r,-24,24
827,248,r,-24,24
820,300,r,-24,24
811,334,r,-24,24
796,349,r,-24,24
780,363,r,-24,24
765,362,r,-24,24
751,339,r,-24,24
727,359,r,-24,24
703,376,g,24,24
683,347,g,24,24
672,337,g,24,24
682,341,g,24,24
698,337,g,24,24
750,315,r,-24,24
781,322,r,-24,24
794,306,r,-24,24
775,304,r,-24,24
756,345,r,-24,24
723,352,g,24,24
694,323,g,24,24
664,309,g,24,24
679,322,g,24,24
695,318,g,24,24
731,314,r,-24,24
773,277,r,-24,24
748,234,r,-24,24
766,273,r,-24,24
763,268,r,-24,24
742,279,r,-24,24
728,291,r,-24,24
715,315,g,24,24
703,316,g,24,24
698,278,g,24,24
710,207,g,24,24
734,172,r,-24,24
774,252,r,-24,24
795,301,r,-24,24
795,300,r,-24,24
748,272,r,-24,24
691,275,g,24,24
628,253,g,24,24
576,263,g,24,24
544,239,g,24,24
555,289,g,24,24
568,271,g,24,24
551,276,g,24,24
514,294,g,24,24
498,287,g,24,24
481,254,g,24,24
491,277,g,24,24
481,271,g,24,24
453,243,g,24,24
423,230,g,24,24
432,244,g,24,24
407,267,g,24,24
381,242,g,24,24
362,220,g,24,24
373,255,g,24,24
418,269,g,24,24
399,247,g,24,24
419,256,g,24,24
484,275,g,24,24
452,261,g,24,24
397,293,g,24,24
361,311,g,24,24
385,288,g,24,24
397,327,g,24,24
386,326,g,24,24
339,275,g,24,24
326,245,g,24,24
412,232,g,24,24
423,269,g,24,24
425,313,g,24,24
426,310,g,24,24
413,309,g,24,24
402,304,g,24,24
405,315,g,24,24
419,329,g,24,24
431,348,g,24,24
353,250,g,24,24
413,285,g,24,24
450,289,g,24,24
430,258,g,24,24
411,306,g,24,24
384,274,g,24,24
243,274,g,24,24
282,308,g,24,24
417,315,g,24,24
425,310,g,24,24
430,366,g,24,24
433,513,l,24,-24
413,708,l,24,-24
420,814,l,24,-24
395,816,l,24,-24
410,818,l,24,-24
423,812,l,24,-24
406,740,l,24,-24
399,566,l,24,-24
413,375,g,24,24
418,303,g,24,24
355,276,g,24,24
363,252,g,24,24
373,251,g,24,24
436,243,g,24,24
439,222,g,24,24
435,224,g,24,24
443,276,g,24,24
448,285,g,24,24
390,399,g,24,24
322,553,l,24,-24
352,720,l,24,-24
408,803,l,24,-24
384,821,l,24,-24
386,815,l,24,-24
398,757,l,24,-24
412,585,l,24,-24
418,380,g,24,24
422,310,g,24,24
412,303,g,24,24
396,318,g,24,24
369,315,g,24,24
356,301,g,24,24
360,312,g,24,24
352,344,g,24,24
389,425,l,24,-24
413,525,l,24,-24
405,659,l,24,-24
433,704,l,24,-24
436,676,l,24,-24
416,577,l,24,-24
415,428,l,24,-24
417,314,g,24,24
423,326,g,24,24
444,331,g,24,24
471,330,g,24,24
461,347,g,24,24
436,344,g,24,24
434,334,g,24,24
437,317,g,24,24
433,377,g,24,24
417,437,l,24,-24
432,605,l,24,-24
449,708,l,24,-24
417,762,l,24,-24
392,743,l,24,-24
359,678,l,24,-24
399,516,l,24,-24
388,370,g,24,24
364,282,g,24,24
334,282,g,24,24
328,307,g,24,24
309,280,g,24,24
346,285,g,24,24
388,317,g,24,24
439,404,l,24,-24
420,582,l,24,-24
382,689,l,24,-24
377,698,l,24,-24
385,652,l,24,-24
375,530,l,24,-24
350,392,g,24,24
348,295,g,24,24
371,274,g,24,24
384,263,g,24,24
380,252,g,24,24
377,262,g,24,24
390,270,g,24,24
403,346,g,24,24
359,432,l,24,-24
366,598,l,24,-24
415,698,l,24,-24
433,763,l,24,-24
435,727,l,24,-24
415,622,l,24,-24
364,424,l,24,-24
355,289,g,24,24
379,263,g,24,24
403,261,g,24,24
428,282,g,24,24
447,310,g,24,24
456,310,g,24,24
457,316,g,24,24
447,340,g,24,24
432,403,l,24,-24
437,428,l,24,-24
450,492,l,24,-24
458,503,l,24,-24
458,454,l,24,-24
458,380,g,24,24
446,292,g,24,24
408,281,g,24,24
415,276,g,24,24
435,261,g,24,24
428,256,g,24,24
439,339,g,24,24
409,441,l,24,-24
408,582,l,24,-24
428,653,l,24,-24
411,666,l,24,-24
359,568,l,24,-24
331,427,l,24,-24
321,329,g,24,24
323,275,g,24,24
334,286,g,24,24
339,284,g,24,24
343,298,g,24,24
341,305,g,24,24
354,331,g,24,24
374,359,g,24,24
409,410,l,24,-24
434,445,l,24,-24
425,435,l,24,-24
384,414,l,24,-24
345,377,g,24,24
352,334,g,24,24
368,341,g,24,24
372,352,g,24,24
388,368,g,24,24
406,383,g,24,24
418,383,g,24,24
440,436,l,24,-24
468,481,l,24,-24
406,531,l,24,-24
323,513,l,24,-24
282,452,l,24,-24
287,363,g,24,24
319,295,g,24,24
336,304,g,24,24
332,318,g,24,24
335,333,g,24,24
362,333,g,24,24
401,368,g,24,24
422,422,l,24,-24
408,504,l,24,-24
374,584,l,24,-24
315,548,l,24,-24
298,469,l,24,-24
311,373,g,24,24
339,275,g,24,24
363,295,g,24,24
398,296,g,24,24
412,302,g,24,24
409,341,g,24,24
400,329,g,24,24
397,300,g,24,24
409,301,g,24,24
396,338,g,24,24
378,441,l,24,-24
379,564,l,24,-24
391,624,l,24,-24
395,611,l,24,-24
403,552,l,24,-24
400,455,l,24,-24
379,386,g,24,24
402,383,g,24,24
439,395,g,24,24
461,416,l,24,-24
443,393,g,24,24
422,395,g,24,24
423,386,g,24,24
430,342,g,24,24
450,322,g,24,24
419,269,g,24,24
357,239,g,24,24
373,280,g,24,24
431,281,g,24,24
429,274,g,24,24
416,303,g,24,24
439,342,g,24,24
469,342,g,24,24
423,424,l,24,-24
435,435,l,24,-24
460,421,l,24,-24
455,365,g,24,24
444,311,g,24,24
444,232,g,24,24
416,235,g,24,24
402,247,g,24,24
433,311,g,24,24
457,389,g,24,24
439,401,l,24,-24
426,429,l,24,-24
420,366,g,24,24
426,325,g,24,24
424,304,g,24,24
415,289,g,24,24
405,311,g,24,24
392,292,g,24,24
391,294,g,24,24
383,346,g,24,24
409,411,l,24,-24
442,437,l,24,-24
434,467,l,24,-24
397,434,l,24,-24
376,367,g,24,24
374,326,g,24,24
391,329,g,24,24
421,336,g,24,24
434,332,g,24,24
451,316,g,24,24
468,269,g,24,24
420,281,g,24,24
271,304,g,24,24
202,298,g,24,24
224,326,g,24,24
291,342,g,24,24
350,387,g,24,24
405,364,g,24,24
415,400,g,24,24
420,465,l,24,-24
403,519,l,24,-24
361,584,l,24,-24
348,574,l,24,-24
352,502,l,24,-24
370,415,l,24,-24
384,344,g,24,24
395,327,g,24,24
408,332,g,24,24
424,336,g,24,24
422,341,g,24,24
431,299,g,24,24
437,289,g,24,24
443,263,g,24,24
444,293,g,24,24
442,298,g,24,24
428,276,g,24,24
418,280,g,24,24
379,261,g,24,24
343,262,g,24,24
333,292,g,24,24
360,323,g,24,24
394,355,g,24,24
386,426,l,24,-24
377,471,l,24,-24
373,441,l,24,-24
441,392,g,24,24
482,361,g,24,24
481,320,g,24,24
469,251,g,24,24
468,244,g,24,24
470,242,g,24,24
430,273,g,24,24
373,387,g,24,24
340,504,l,24,-24
312,565,l,24,-24
292,626,l,24,-24
303,585,l,24,-24
327,542,l,24,-24
360,455,l,24,-24
380,349,g,24,24
398,292,g,24,24
416,254,g,24,24
445,241,g,24,24
447,269,g,24,24
436,283,g,24,24
428,301,g,24,24
416,239,g,24,24
382,200,g,24,24
340,218,g,24,24
326,225,g,24,24
331,216,g,24,24
369,243,g,24,24
431,347,g,24,24
407,345,g,24,24
401,321,g,24,24
408,309,g,24,24
382,262,g,24,24
357,247,g,24,24
351,238,g,24,24
332,184,g,24,24
295,205,g,24,24
310,271,g,24,24
334,321,g,24,24
371,348,g,24,24
376,341,g,24,24
388,311,g,24,24
440,300,g,24,24
463,257,g,24,24
463,268,g,24,24
451,274,g,24,24
432,295,g,24,24
409,288,g,24,24
402,333,g,24,24
413,336,g,24,24
436,342,g,24,24
434,311,g,24,24
439,344,g,24,24
442,333,g,24,24
448,329,g,24,24
422,323,g,24,24
346,329,g,24,24
277,308,g,24,24
298,293,g,24,24
392,300,g,24,24
426,362,g,24,24
431,409,l,24,-24
440,430,l,24,-24
420,422,l,24,-24
412,405,l,24,-24
429,406,l,24,-24
425,394,g,24,24
400,401,l,24,-24
396,393,g,24,24
401,389,g,24,24
405,364,g,24,24
413,376,g,24,24
411,359,g,24,24
402,335,g,24,24
425,333,g,24,24
453,341,g,24,24
446,341,g,24,24
421,336,g,24,24
385,305,g,24,24
378,351,g,24,24
387,367,g,24,24
417,380,g,24,24
466,337,g,24,24
475,304,g,24,24
455,305,g,24,24
452,278,g,24,24
442,284,g,24,24
429,296,g,24,24
389,286,g,24,24
330,332,g,24,24
343,327,g,24,24
397,246,g,24,24
423,248,g,24,24
436,274,g,24,24
441,330,g,24,24
390,382,g,24,24
366,323,g,24,24
382,277,g,24,24
423,288,g,24,24
443,294,g,24,24
454,322,g,24,24
454,346,g,24,24
430,317,g,24,24
413,295,g,24,24
415,265,g,24,24
421,252,g,24,24
419,265,g,24,24
409,283,g,24,24
470,267,g,24,24
634,289,g,24,24
802,287,r,-24,24
918,324,r,-24,24
953,301,r,-24,24
940,294,r,-24,24
913,293,r,-24,24
864,236,r,-24,24
819,219,r,-24,24
748,271,r,-24,24
682,306,g,24,24
621,317,g,24,24
574,359,g,24,24
599,333,g,24,24
671,268,g,24,24
752,207,r,-24,24
799,256,r,-24,24
748,303,r,-24,24
604,333,g,24,24
503,293,g,24,24
479,290,g,24,24
501,266,g,24,24
507,263,g,24,24
501,280,g,24,24
520,255,g,24,24
564,290,g,24,24
613,316,g,24,24
667,300,g,24,24
743,249,r,-24,24
816,248,r,-24,24
815,278,r,-24,24
723,216,g,24,24
642,212,g,24,24
597,268,g,24,24
619,304,g,24,24
661,326,g,24,24
708,300,g,24,24
756,275,r,-24,24
842,278,r,-24,24
854,276,r,-24,24
792,244,r,-24,24
710,250,g,24,24
629,242,g,24,24
570,271,g,24,24
581,261,g,24,24
594,286,g,24,24
636,290,g,24,24
707,318,g,24,24
792,292,r,-24,24
876,227,r,-24,24
882,269,r,-24,24
819,257,r,-24,24
699,162,g,24,24
582,222,g,24,24
521,205,g,24,24
530,187,g,24,24
571,190,g,24,24
629,240,g,24,24
685,285,g,24,24
771,334,r,-24,24
850,366,r,-24,24
883,350,r,-24,24
851,344,r,-24,24
744,337,r,-24,24
571,324,g,24,24
432,298,g,24,24
382,251,g,24,24
381,209,g,24,24
413,235,g,24,24
437,257,g,24,24
432,213,g,24,24
455,201,g,24,24
533,198,g,24,24
614,272,g,24,24
756,283,r,-24,24
855,336,r,-24,24
860,305,r,-24,24
802,288,r,-24,24
721,261,g,24,24
613,276,g,24,24
543,256,g,24,24
566,264,g,24,24
604,248,g,24,24
599,257,g,24,24
624,238,g,24,24
694,289,g,24,24
762,313,r,-24,24
827,312,r,-24,24
839,293,r,-24,24
796,282,r,-24,24
702,246,g,24,24
589,236,g,24,24
539,271,g,24,24
541,307,g,24,24
526,281,g,24,24
515,259,g,24,24
560,288,g,24,24
630,293,g,24,24
689,340,g,24,24
726,306,r,-24,24
746,345,r,-24,24
713,333,g,24,24
667,263,g,24,24
624,214,g,24,24
607,260,g,24,24
611,261,g,24,24
667,250,g,24,24
726,236,r,-24,24
737,241,r,-24,24
699,300,g,24,24
646,325,g,24,24
598,363,g,24,24
587,369,g,24,24
612,347,g,24,24
631,314,g,24,24
656,304,g,24,24
713,327,g,24,24
762,280,r,-24,24
779,248,r,-24,24
757,298,r,-24,24
704,299,g,24,24
625,253,g,24,24
566,241,g,24,24
516,181,g,24,24
527,187,g,24,24
551,235,g,24,24
591,225,g,24,24
669,295,g,24,24
719,259,g,24,24
773,234,r,-24,24
819,250,r,-24,24
832,267,r,-24,24
804,233,r,-24,24
735,268,r,-24,24
656,300,g,24,24
587,305,g,24,24
536,321,g,24,24
506,329,g,24,24
505,357,g,24,24
520,399,g,24,24
531,427,l,24,-24
544,371,g,24,24
604,358,g,24,24
671,352,g,24,24
712,310,g,24,24
779,330,r,-24,24
844,336,r,-24,24
853,367,r,-24,24
825,372,r,-24,24
779,351,r,-24,24
710,405,l,24,-24
647,372,g,24,24
628,356,g,24,24
639,328,g,24,24
693,347,g,24,24
738,334,r,-24,24
771,318,r,-24,24
763,318,r,-24,24
724,303,g,24,24
694,334,g,24,24
670,365,g,24,24
665,353,g,24,24
689,367,g,24,24
711,379,g,24,24
720,360,g,24,24
740,336,r,-24,24
777,395,r,-24,24
803,401,x,24,24
789,385,r,-24,24
758,342,r,-24,24
716,361,g,24,24
672,332,g,24,24
641,363,g,24,24
625,355,g,24,24
626,418,l,24,-24
621,434,l,24,-24
649,445,l,24,-24
742,448,x,24,24
862,386,r,-24,24
941,390,r,-24,24
954,365,r,-24,24
949,364,r,-24,24
939,341,r,-24,24
905,341,r,-24,24
817,345,r,-24,24
704,338,g,24,24
604,270,g,24,24
543,313,g,24,24
507,304,g,24,24
490,304,g,24,24
518,317,g,24,24
557,300,g,24,24
560,367,g,24,24
589,373,g,24,24
665,331,g,24,24
732,344,r,-24,24
790,364,r,-24,24
808,369,r,-24,24
790,340,r,-24,24
761,362,r,-24,24
694,386,g,24,24
620,345,g,24,24
568,297,g,24,24
533,295,g,24,24
521,329,g,24,24
533,374,g,24,24
580,416,l,24,-24
627,409,l,24,-24
674,403,l,24,-24
761,421,x,24,24
875,445,x,24,24
947,421,x,24,24
964,401,x,24,24
969,381,r,-24,24
972,334,r,-24,24
971,357,r,-24,24
973,341,r,-24,24
970,348,r,-24,24
967,327,r,-24,24
962,339,r,-24,24
928,304,r,-24,24
858,294,r,-24,24
750,294,r,-24,24
642,238,g,24,24
555,257,g,24,24
521,279,g,24,24
527,284,g,24,24
543,321,g,24,24
543,287,g,24,24
555,298,g,24,24
581,310,g,24,24
611,341,g,24,24
649,313,g,24,24
676,327,g,24,24
698,314,g,24,24
726,285,r,-24,24
734,246,r,-24,24
714,264,g,24,24
673,277,g,24,24
634,278,g,24,24
581,234,g,24,24
596,251,g,24,24
608,271,g,24,24
654,297,g,24,24
683,179,g,24,24
690,181,g,24,24
682,268,g,24,24
704,317,g,24,24
742,318,r,-24,24
784,309,r,-24,24
787,280,r,-24,24
753,288,r,-24,24
695,267,g,24,24
642,303,g,24,24
599,286,g,24,24
594,285,g,24,24
601,285,g,24,24
612,300,g,24,24
615,305,g,24,24
600,283,g,24,24
577,251,g,24,24
600,225,g,24,24
628,220,g,24,24
655,243,g,24,24
628,213,g,24,24
605,241,g,24,24
574,249,g,24,24
582,252,g,24,24
609,302,g,24,24
578,338,g,24,24
574,328,g,24,24
569,300,g,24,24
573,275,g,24,24
575,248,g,24,24
566,247,g,24,24
595,209,g,24,24
602,238,g,24,24
621,294,g,24,24
654,297,g,24,24
669,296,g,24,24
689,279,g,24,24
719,256,g,24,24
729,247,r,-24,24
767,222,r,-24,24
764,262,r,-24,24
727,313,r,-24,24
664,297,g,24,24
590,313,g,24,24
545,306,g,24,24
514,326,g,24,24
497,335,g,24,24
483,341,g,24,24
442,296,g,24,24
413,264,g,24,24
394,248,g,24,24
411,316,g,24,24
450,358,g,24,24
473,249,g,24,24
452,204,g,24,24
473,233,g,24,24
480,275,g,24,24
435,298,g,24,24
434,292,g,24,24
457,347,g,24,24
449,313,g,24,24
432,308,g,24,24
423,298,g,24,24
415,346,g,24,24
382,301,g,24,24
394,266,g,24,24
402,293,g,24,24
387,319,g,24,24
335,320,g,24,24
404,247,g,24,24
447,192,g,24,24
444,282,g,24,24
482,252,g,24,24
490,124,g,24,24
490,243,g,24,24
501,219,g,24,24
537,271,g,24,24
593,251,g,24,24
646,211,g,24,24
639,163,g,24,24
621,230,g,24,24
742,296,r,-24,24
786,227,r,-24,24
799,235,r,-24,24
781,271,r,-24,24
739,297,r,-24,24
669,255,g,24,24
594,244,g,24,24
545,245,g,24,24
499,259,g,24,24
485,284,g,24,24
525,259,g,24,24
557,216,g,24,24
533,223,g,24,24
536,263,g,24,24
590,249,g,24,24
605,306,g,24,24
630,238,g,24,24
664,253,g,24,24
676,279,g,24,24
681,280,g,24,24
697,279,g,24,24
699,320,g,24,24
668,326,g,24,24
651,323,g,24,24
633,309,g,24,24
617,325,g,24,24
592,316,g,24,24
575,342,g,24,24
577,396,g,24,24
601,298,g,24,24
624,251,g,24,24
620,162,g,24,24
588,191,g,24,24
603,292,g,24,24
627,289,g,24,24
646,330,g,24,24
635,325,g,24,24
582,296,g,24,24
599,298,g,24,24
596,330,g,24,24
585,308,g,24,24
571,290,g,24,24
545,239,g,24,24
524,245,g,24,24
512,229,g,24,24
545,209,g,24,24
541,240,g,24,24
537,285,g,24,24
525,333,g,24,24
500,326,g,24,24
488,292,g,24,24
513,243,g,24,24
509,251,g,24,24
457,305,g,24,24
453,343,g,24,24
493,314,g,24,24
523,282,g,24,24
475,271,g,24,24
447,300,g,24,24
492,334,g,24,24
519,340,g,24,24
490,307,g,24,24
535,287,g,24,24
515,301,g,24,24
509,273,g,24,24
514,279,g,24,24
449,305,g,24,24
471,288,g,24,24
458,259,g,24,24
458,266,g,24,24
465,270,g,24,24
502,264,g,24,24
520,301,g,24,24
491,341,g,24,24
471,306,g,24,24
489,348,g,24,24
496,320,g,24,24
460,333,g,24,24
467,306,g,24,24
514,333,g,24,24
535,311,g,24,24
546,344,g,24,24
583,247,g,24,24
605,233,g,24,24
600,249,g,24,24
577,236,g,24,24
567,242,g,24,24
604,285,g,24,24
650,321,g,24,24
681,260,g,24,24
689,223,g,24,24
712,241,g,24,24
746,233,r,-24,24
769,264,r,-24,24
776,274,r,-24,24
747,269,r,-24,24
685,277,g,24,24
607,343,g,24,24
565,305,g,24,24
520,313,g,24,24
508,278,g,24,24
492,287,g,24,24
500,276,g,24,24
509,275,g,24,24
510,303,g,24,24
512,325,g,24,24
478,317,g,24,24
483,294,g,24,24
546,305,g,24,24
577,271,g,24,24
520,253,g,24,24
473,269,g,24,24
463,238,g,24,24
499,220,g,24,24
523,250,g,24,24
478,231,g,24,24
449,246,g,24,24
479,241,g,24,24
527,224,g,24,24
553,255,g,24,24
564,237,g,24,24
542,214,g,24,24
506,177,g,24,24
518,169,g,24,24
548,165,g,24,24
557,205,g,24,24
555,218,g,24,24
559,180,g,24,24
597,210,g,24,24
641,270,g,24,24
595,247,g,24,24
515,255,g,24,24
501,287,g,24,24
515,300,g,24,24
523,253,g,24,24
521,206,g,24,24
543,204,g,24,24
562,269,g,24,24
582,342,g,24,24
572,366,g,24,24
580,321,g,24,24
583,288,g,24,24
557,263,g,24,24
537,287,g,24,24
557,341,g,24,24
602,311,g,24,24
625,260,g,24,24
623,252,g,24,24
615,256,g,24,24
597,282,g,24,24
582,263,g,24,24
560,277,g,24,24
529,259,g,24,24
513,255,g,24,24
506,279,g,24,24
505,327,g,24,24
530,317,g,24,24
523,329,g,24,24
505,326,g,24,24
475,250,g,24,24
484,231,g,24,24
480,241,g,24,24
475,242,g,24,24
486,204,g,24,24
483,250,g,24,24
532,269,g,24,24
496,231,g,24,24
473,249,g,24,24
450,294,g,24,24
437,247,g,24,24
401,211,g,24,24
385,277,g,24,24
384,249,g,24,24
386,236,g,24,24
443,283,g,24,24
467,307,g,24,24
463,274,g,24,24
410,288,g,24,24
373,306,g,24,24
408,276,g,24,24
439,316,g,24,24
409,318,g,24,24
386,309,g,24,24
401,254,g,24,24
423,297,g,24,24
374,281,g,24,24
358,250,g,24,24
352,256,g,24,24
359,208,g,24,24
396,209,g,24,24
421,245,g,24,24
437,316,g,24,24
459,302,g,24,24
496,214,g,24,24
487,235,g,24,24
465,205,g,24,24
455,209,g,24,24
453,245,g,24,24
448,283,g,24,24
451,291,g,24,24
460,283,g,24,24
478,302,g,24,24
500,289,g,24,24
537,307,g,24,24
522,293,g,24,24
496,272,g,24,24
476,278,g,24,24
468,279,g,24,24
454,251,g,24,24
450,227,g,24,24
452,233,g,24,24
455,244,g,24,24
431,281,g,24,24
393,287,g,24,24
401,317,g,24,24
415,291,g,24,24
394,304,g,24,24
340,308,g,24,24
318,289,g,24,24
361,270,g,24,24
388,321,g,24,24
407,331,g,24,24
386,354,g,24,24
357,284,g,24,24
355,217,g,24,24
373,224,g,24,24
412,214,g,24,24
443,202,g,24,24
447,239,g,24,24
419,259,g,24,24
373,309,g,24,24
365,286,g,24,24
383,292,g,24,24
387,281,g,24,24
416,319,g,24,24
483,255,g,24,24
501,240,g,24,24
483,227,g,24,24
463,301,g,24,24
458,577,l,24,-24
424,799,l,24,-24
423,832,l,24,-24
440,818,l,24,-24
453,824,l,24,-24
452,836,l,24,-24
436,833,l,24,-24
415,755,l,24,-24
406,562,l,24,-24
407,355,g,24,24
487,279,g,24,24
611,274,g,24,24
700,285,g,24,24
765,297,r,-24,24
813,318,r,-24,24
794,380,r,-24,24
696,519,l,24,-24
607,659,l,24,-24
587,741,l,24,-24
692,740,l,24,-24
845,641,x,24,24
947,478,x,24,24
973,411,x,24,24
979,378,r,-24,24
978,421,x,24,24
977,497,x,24,24
975,583,x,24,24
972,730,x,24,24
972,833,x,24,24
955,846,x,24,24
825,840,x,24,24
577,854,l,24,-24
423,855,l,24,-24
354,855,l,24,-24
340,848,l,24,-24
355,854,l,24,-24
353,838,l,24,-24
350,849,l,24,-24
374,843,l,24,-24
402,849,l,24,-24
405,811,l,24,-24
429,826,l,24,-24
439,804,l,24,-24
420,689,l,24,-24
422,466,l,24,-24
412,303,g,24,24
373,296,g,24,24
337,276,g,24,24
351,270,g,24,24
373,283,g,24,24
361,261,g,24,24
354,271,g,24,24
365,252,g,24,24
368,256,g,24,24
366,290,g,24,24
357,309,g,24,24
374,336,g,24,24
417,421,l,24,-24
466,507,l,24,-24
478,617,l,24,-24
439,619,l,24,-24
439,556,l,24,-24
485,499,l,24,-24
508,411,l,24,-24
489,373,g,24,24
450,328,g,24,24
440,295,g,24,24
462,315,g,24,24
458,386,g,24,24
426,374,g,24,24
421,365,g,24,24
407,346,g,24,24
405,330,g,24,24
400,315,g,24,24
400,342,g,24,24
393,410,l,24,-24
436,489,l,24,-24
479,553,l,24,-24
486,566,l,24,-24
477,512,l,24,-24
466,430,l,24,-24
466,359,g,24,24
458,320,g,24,24
461,324,g,24,24
447,325,g,24,24
392,322,g,24,24
346,331,g,24,24
360,311,g,24,24
410,288,g,24,24
393,342,g,24,24
426,407,l,24,-24
469,460,l,24,-24
483,580,l,24,-24
464,554,l,24,-24
455,520,l,24,-24
463,454,l,24,-24
460,399,g,24,24
426,294,g,24,24
400,305,g,24,24
381,294,g,24,24
375,282,g,24,24
385,312,g,24,24
405,416,l,24,-24
412,386,g,24,24
449,417,l,24,-24
454,410,l,24,-24
430,389,g,24,24
424,311,g,24,24
421,303,g,24,24
416,307,g,24,24
413,303,g,24,24
407,312,g,24,24
407,342,g,24,24
423,361,g,24,24
440,477,l,24,-24
443,596,l,24,-24
434,699,l,24,-24
372,734,l,24,-24
328,739,l,24,-24
315,633,l,24,-24
304,498,l,24,-24
308,360,g,24,24
320,275,g,24,24
334,260,g,24,24
343,265,g,24,24
346,238,g,24,24
361,259,g,24,24
392,400,g,24,24
395,393,g,24,24
400,360,g,24,24
411,376,g,24,24
392,386,g,24,24
375,488,l,24,-24
459,596,l,24,-24
502,685,l,24,-24
435,679,l,24,-24
383,644,l,24,-24
411,543,l,24,-24
401,430,l,24,-24
378,345,g,24,24
352,324,g,24,24
303,330,g,24,24
225,314,g,24,24
216,321,g,24,24
250,353,g,24,24
296,355,g,24,24
321,341,g,24,24
315,324,g,24,24
327,324,g,24,24
362,361,g,24,24
401,384,g,24,24
424,433,l,24,-24
383,496,l,24,-24
338,591,l,24,-24
381,552,l,24,-24
406,438,l,24,-24
395,324,g,24,24
381,259,g,24,24
387,261,g,24,24
399,242,g,24,24
419,180,g,24,24
424,178,g,24,24
400,261,g,24,24
367,298,g,24,24
384,287,g,24,24
419,351,g,24,24
404,368,g,24,24
324,355,g,24,24
290,447,l,24,-24
339,511,l,24,-24
412,566,l,24,-24
365,588,l,24,-24
391,515,l,24,-24
395,411,l,24,-24
420,321,g,24,24
402,229,g,24,24
398,213,g,24,24
379,207,g,24,24
376,200,g,24,24
377,265,g,24,24
359,321,g,24,24
332,344,g,24,24
311,351,g,24,24
310,414,l,24,-24
328,502,l,24,-24
382,518,l,24,-24
435,491,l,24,-24
485,440,l,24,-24
506,388,g,24,24
512,295,g,24,24
515,289,g,24,24
512,289,g,24,24
493,284,g,24,24
437,312,g,24,24
385,340,g,24,24
376,327,g,24,24
402,373,g,24,24
433,434,l,24,-24
439,465,l,24,-24
396,443,l,24,-24
348,414,l,24,-24
329,364,g,24,24
323,278,g,24,24
324,263,g,24,24
326,259,g,24,24
324,288,g,24,24
331,300,g,24,24
340,292,g,24,24
336,294,g,24,24
337,326,g,24,24
393,308,g,24,24
394,346,g,24,24
382,380,g,24,24
407,438,l,24,-24
422,490,l,24,-24
426,510,l,24,-24
414,463,l,24,-24
409,359,g,24,24
416,334,g,24,24
414,304,g,24,24
408,295,g,24,24
399,269,g,24,24
383,251,g,24,24
340,264,g,24,24
310,264,g,24,24
307,289,g,24,24
334,390,g,24,24
382,409,l,24,-24
382,301,g,24,24
351,289,g,24,24
373,293,g,24,24
396,242,g,24,24
394,233,g,24,24
364,259,g,24,24
400,247,g,24,24
471,253,g,24,24
470,288,g,24,24
432,299,g,24,24
410,326,g,24,24
388,330,g,24,24
398,364,g,24,24
429,349,g,24,24
438,294,g,24,24
436,304,g,24,24
427,286,g,24,24
432,302,g,24,24
435,277,g,24,24
387,267,g,24,24
398,282,g,24,24
451,294,g,24,24
462,284,g,24,24
448,306,g,24,24
410,295,g,24,24
380,278,g,24,24
385,268,g,24,24
403,294,g,24,24
398,310,g,24,24
394,341,g,24,24
402,315,g,24,24
403,354,g,24,24
408,371,g,24,24
418,363,g,24,24
416,373,g,24,24
391,329,g,24,24
378,297,g,24,24
397,334,g,24,24
398,362,g,24,24
377,379,g,24,24
388,338,g,24,24
383,317,g,24,24
363,362,g,24,24
362,432,l,24,-24
371,465,l,24,-24
333,484,l,24,-24
326,437,l,24,-24
345,351,g,24,24
370,340,g,24,24
414,338,g,24,24
449,351,g,24,24
454,329,g,24,24
450,358,g,24,24
432,296,g,24,24
412,242,g,24,24
364,230,g,24,24
370,249,g,24,24
396,299,g,24,24
383,330,g,24,24
407,292,g,24,24
386,229,g,24,24
357,231,g,24,24
384,253,g,24,24
415,283,g,24,24
441,252,g,24,24
409,214,g,24,24
466,190,g,24,24
422,185,g,24,24
433,278,g,24,24
433,320,g,24,24
428,258,g,24,24
425,241,g,24,24
392,261,g,24,24
348,311,g,24,24
345,288,g,24,24
323,268,g,24,24
342,302,g,24,24
402,328,g,24,24
429,312,g,24,24
389,314,g,24,24
382,317,g,24,24
383,301,g,24,24
367,196,g,24,24
416,174,g,24,24
436,190,g,24,24
461,222,g,24,24
415,256,g,24,24
395,309,g,24,24
410,299,g,24,24
409,319,g,24,24
409,295,g,24,24
407,311,g,24,24
411,225,g,24,24
430,188,g,24,24
423,260,g,24,24
400,311,g,24,24
370,283,g,24,24
368,302,g,24,24
338,223,g,24,24
405,169,g,24,24
449,177,g,24,24
416,216,g,24,24
324,282,g,24,24
326,304,g,24,24
352,245,g,24,24
389,160,g,24,24
418,196,g,24,24
394,304,g,24,24
409,189,g,24,24
406,213,g,24,24
354,238,g,24,24
341,234,g,24,24
287,227,g,24,24
278,229,g,24,24
333,233,g,24,24
342,198,g,24,24
375,162,g,24,24
503,152,g,24,24
797,239,r,-24,24
965,242,r,-24,24
980,295,r,-24,24
980,326,r,-24,24
978,288,r,-24,24
977,227,r,-24,24
976,237,r,-24,24
973,197,r,-24,24
964,234,r,-24,24
951,285,r,-24,24
929,258,r,-24,24
894,197,r,-24,24
851,260,r,-24,24
798,262,r,-24,24
731,245,r,-24,24
646,216,g,24,24
585,247,g,24,24
546,284,g,24,24
598,267,g,24,24
687,262,g,24,24
792,244,r,-24,24
844,222,r,-24,24
809,231,r,-24,24
662,228,g,24,24
496,275,g,24,24
407,303,g,24,24
410,285,g,24,24
458,259,g,24,24
496,315,g,24,24
528,312,g,24,24
546,284,g,24,24
610,291,g,24,24
723,300,g,24,24
830,332,r,-24,24
882,283,r,-24,24
862,265,r,-24,24
762,278,r,-24,24
658,265,g,24,24
541,260,g,24,24
471,258,g,24,24
425,256,g,24,24
422,205,g,24,24
436,217,g,24,24
488,276,g,24,24
547,374,g,24,24
587,358,g,24,24
612,300,g,24,24
645,283,g,24,24
712,247,g,24,24
771,264,r,-24,24
795,261,r,-24,24
763,333,r,-24,24
634,254,g,24,24
521,244,g,24,24
441,236,g,24,24
447,296,g,24,24
481,260,g,24,24
511,210,g,24,24
538,219,g,24,24
599,255,g,24,24
625,254,g,24,24
672,291,g,24,24
750,322,r,-24,24
802,297,r,-24,24
795,265,r,-24,24
707,260,g,24,24
596,280,g,24,24
510,308,g,24,24
469,331,g,24,24
446,328,g,24,24
437,330,g,24,24
441,304,g,24,24
486,325,g,24,24
526,262,g,24,24
579,244,g,24,24
614,246,g,24,24
658,307,g,24,24
690,284,g,24,24
724,306,g,24,24
740,295,r,-24,24
803,274,r,-24,24
810,311,r,-24,24
758,169,r,-24,24
677,154,g,24,24
582,243,g,24,24
516,253,g,24,24
472,235,g,24,24
405,212,g,24,24
392,248,g,24,24
464,323,g,24,24
519,314,g,24,24
554,301,g,24,24
558,307,g,24,24
625,303,g,24,24
685,322,g,24,24
751,307,r,-24,24
804,273,r,-24,24
779,267,r,-24,24
709,238,g,24,24
615,306,g,24,24
542,296,g,24,24
531,317,g,24,24
560,329,g,24,24
546,340,g,24,24
521,275,g,24,24
555,167,g,24,24
605,117,g,24,24
646,152,g,24,24
654,206,g,24,24
708,297,g,24,24
764,285,r,-24,24
814,268,r,-24,24
808,252,r,-24,24
755,294,r,-24,24
665,310,g,24,24
584,310,g,24,24
522,303,g,24,24
489,288,g,24,24
448,325,g,24,24
452,317,g,24,24
502,286,g,24,24
534,303,g,24,24
541,320,g,24,24
537,327,g,24,24
545,277,g,24,24
565,255,g,24,24
524,230,g,24,24
547,357,g,24,24
592,398,g,24,24
599,302,g,24,24
565,295,g,24,24
609,291,g,24,24
631,361,g,24,24
601,308,g,24,24
554,263,g,24,24
544,282,g,24,24
552,286,g,24,24
558,339,g,24,24
554,318,g,24,24
580,261,g,24,24
604,318,g,24,24
636,303,g,24,24
666,209,g,24,24
705,149,g,24,24
752,279,r,-24,24
769,312,r,-24,24
776,331,r,-24,24
750,281,r,-24,24
688,226,g,24,24
622,280,g,24,24
566,295,g,24,24
533,263,g,24,24
502,231,g,24,24
496,231,g,24,24
537,183,g,24,24
542,189,g,24,24
541,220,g,24,24
549,205,g,24,24
608,182,g,24,24
676,186,g,24,24
766,233,r,-24,24
846,268,r,-24,24
878,268,r,-24,24
861,274,r,-24,24
803,337,r,-24,24
706,363,g,24,24
616,355,g,24,24
554,302,g,24,24
551,257,g,24,24
601,240,g,24,24
665,245,g,24,24
740,249,r,-24,24
829,260,r,-24,24
856,261,r,-24,24
833,286,r,-24,24
768,316,r,-24,24
683,285,g,24,24
616,267,g,24,24
588,302,g,24,24
602,287,g,24,24
646,292,g,24,24
705,278,g,24,24
784,306,r,-24,24
869,297,r,-24,24
908,274,r,-24,24
903,262,r,-24,24
864,260,r,-24,24
784,304,r,-24,24
681,325,g,24,24
601,337,g,24,24
568,343,g,24,24
608,326,g,24,24
707,337,g,24,24
832,330,r,-24,24
920,321,r,-24,24
944,308,r,-24,24
935,297,r,-24,24
903,272,r,-24,24
847,281,r,-24,24
783,270,r,-24,24
715,264,g,24,24
658,273,g,24,24
646,281,g,24,24
705,290,g,24,24
805,292,r,-24,24
909,288,r,-24,24
946,301,r,-24,24
947,326,r,-24,24
911,299,r,-24,24
822,282,r,-24,24
690,299,g,24,24
578,288,g,24,24
531,285,g,24,24
584,285,g,24,24
699,303,g,24,24
855,305,r,-24,24
949,332,r,-24,24
971,337,r,-24,24
976,330,r,-24,24
968,288,r,-24,24
939,305,r,-24,24
863,304,r,-24,24
720,291,g,24,24
582,276,g,24,24
544,306,g,24,24
607,382,g,24,24
770,342,r,-24,24
904,283,r,-24,24
953,294,r,-24,24
964,309,r,-24,24
958,306,r,-24,24
926,294,r,-24,24
834,282,r,-24,24
671,247,g,24,24
498,254,g,24,24
406,228,g,24,24
433,255,g,24,24
549,288,g,24,24
754,273,r,-24,24
900,296,r,-24,24
941,296,r,-24,24
941,308,r,-24,24
905,352,r,-24,24
829,332,r,-24,24
667,337,g,24,24
517,315,g,24,24
470,284,g,24,24
561,302,g,24,24
721,317,g,24,24
856,255,r,-24,24
935,235,r,-24,24
960,186,r,-24,24
969,178,r,-24,24
955,231,r,-24,24
913,267,r,-24,24
849,221,r,-24,24
766,251,r,-24,24
666,232,g,24,24
581,222,g,24,24
562,221,g,24,24
588,211,g,24,24
651,203,g,24,24
726,231,r,-24,24
841,277,r,-24,24
897,282,r,-24,24
900,319,r,-24,24
871,360,r,-24,24
817,256,r,-24,24
734,209,r,-24,24
656,236,g,24,24
596,272,g,24,24
578,249,g,24,24
583,160,g,24,24
575,142,g,24,24
567,214,g,24,24
627,287,g,24,24
694,320,g,24,24
760,296,r,-24,24
833,268,r,-24,24
837,283,r,-24,24
816,277,r,-24,24
761,244,r,-24,24
670,249,g,24,24
578,272,g,24,24
511,253,g,24,24
500,236,g,24,24
534,226,g,24,24
567,225,g,24,24
586,285,g,24,24
623,315,g,24,24
642,324,g,24,24
626,282,g,24,24
612,297,g,24,24
605,333,g,24,24
592,300,g,24,24
585,337,g,24,24
580,333,g,24,24
593,313,g,24,24
588,319,g,24,24
554,273,g,24,24
516,266,g,24,24
519,257,g,24,24
521,264,g,24,24
479,229,g,24,24
441,205,g,24,24
440,256,g,24,24
441,312,g,24,24
377,334,g,24,24
342,265,g,24,24
386,231,g,24,24
436,231,g,24,24
460,264,g,24,24
431,256,g,24,24
400,277,g,24,24
436,270,g,24,24
423,249,g,24,24
386,228,g,24,24
391,248,g,24,24
434,331,g,24,24
405,329,g,24,24
394,316,g,24,24
423,280,g,24,24
421,289,g,24,24
384,297,g,24,24
352,321,g,24,24
328,366,g,24,24
323,507,l,24,-24
403,760,l,24,-24
447,841,l,24,-24
483,846,l,24,-24
478,843,l,24,-24
433,835,l,24,-24
404,845,l,24,-24
403,853,l,24,-24
400,833,l,24,-24
387,741,l,24,-24
393,543,l,24,-24
426,383,g,24,24
423,270,g,24,24
405,255,g,24,24
402,271,g,24,24
413,279,g,24,24
427,307,g,24,24
445,309,g,24,24
474,330,g,24,24
488,458,l,24,-24
463,647,l,24,-24
435,770,l,24,-24
406,799,l,24,-24
428,784,l,24,-24
472,672,l,24,-24
478,499,l,24,-24
414,330,g,24,24
405,294,g,24,24
427,306,g,24,24
451,367,g,24,24
441,327,g,24,24
402,347,g,24,24
403,306,g,24,24
437,292,g,24,24
437,251,g,24,24
433,271,g,24,24
443,386,g,24,24
451,513,l,24,-24
449,666,l,24,-24
444,757,l,24,-24
445,794,l,24,-24
432,799,l,24,-24
407,746,l,24,-24
395,704,l,24,-24
385,588,l,24,-24
368,409,l,24,-24
347,284,g,24,24
336,237,g,24,24
337,253,g,24,24
364,260,g,24,24
378,237,g,24,24
378,218,g,24,24
393,187,g,24,24
406,166,g,24,24
420,172,g,24,24
445,264,g,24,24
466,340,g,24,24
427,487,l,24,-24
369,691,l,24,-24
352,794,l,24,-24
383,796,l,24,-24
440,772,l,24,-24
461,677,l,24,-24
427,523,l,24,-24
416,370,g,24,24
422,310,g,24,24
415,305,g,24,24
411,303,g,24,24
416,323,g,24,24
406,311,g,24,24
403,318,g,24,24
409,305,g,24,24
411,299,g,24,24
405,273,g,24,24
391,318,g,24,24
373,405,l,24,-24
370,580,l,24,-24
389,659,l,24,-24
416,644,l,24,-24
444,546,l,24,-24
450,356,g,24,24
441,247,g,24,24
421,230,g,24,24
401,256,g,24,24
382,276,g,24,24
361,279,g,24,24
301,288,g,24,24
328,289,g,24,24
399,293,g,24,24
435,355,g,24,24
445,407,l,24,-24
444,507,l,24,-24
427,575,l,24,-24
413,549,l,24,-24
385,464,l,24,-24
359,378,g,24,24
349,305,g,24,24
351,300,g,24,24
363,285,g,24,24
368,282,g,24,24
387,288,g,24,24
404,285,g,24,24
400,289,g,24,24
402,316,g,24,24
419,340,g,24,24
440,354,g,24,24
468,431,l,24,-24
473,464,l,24,-24
458,511,l,24,-24
491,473,l,24,-24
514,414,l,24,-24
492,320,g,24,24
440,267,g,24,24
411,265,g,24,24
410,314,g,24,24
422,326,g,24,24
431,331,g,24,24
422,316,g,24,24
420,320,g,24,24
426,310,g,24,24
408,304,g,24,24
378,322,g,24,24
375,343,g,24,24
439,449,l,24,-24
442,557,l,24,-24
436,602,l,24,-24
422,534,l,24,-24
373,461,l,24,-24
310,371,g,24,24
342,261,g,24,24
415,258,g,24,24
463,279,g,24,24
491,266,g,24,24
505,251,g,24,24
514,234,g,24,24
508,262,g,24,24
444,249,g,24,24
427,290,g,24,24
445,309,g,24,24
459,254,g,24,24
457,272,g,24,24
420,306,g,24,24
408,331,g,24,24
413,377,g,24,24
419,456,l,24,-24
418,477,l,24,-24
420,447,l,24,-24
422,363,g,24,24
381,252,g,24,24
351,224,g,24,24
354,202,g,24,24
370,232,g,24,24
397,292,g,24,24
425,331,g,24,24
417,329,g,24,24
408,324,g,24,24
384,319,g,24,24
377,309,g,24,24
372,293,g,24,24
339,320,g,24,24
304,360,g,24,24
316,338,g,24,24
337,267,g,24,24
360,191,g,24,24
375,210,g,24,24
364,204,g,24,24
366,278,g,24,24
396,242,g,24,24
395,227,g,24,24
344,265,g,24,24
325,253,g,24,24
382,296,g,24,24
410,294,g,24,24
412,320,g,24,24
424,320,g,24,24
404,284,g,24,24
384,261,g,24,24
441,291,g,24,24
508,339,g,24,24
493,362,g,24,24
465,346,g,24,24
428,340,g,24,24
390,315,g,24,24
401,312,g,24,24
393,312,g,24,24
376,325,g,24,24
416,324,g,24,24
420,312,g,24,24
390,285,g,24,24
378,307,g,24,24
376,312,g,24,24
374,296,g,24,24
398,270,g,24,24
447,252,g,24,24
417,243,g,24,24
414,252,g,24,24
437,278,g,24,24
439,301,g,24,24
466,299,g,24,24
492,272,g,24,24
471,250,g,24,24
434,304,g,24,24
429,308,g,24,24
447,306,g,24,24
434,288,g,24,24
406,311,g,24,24
395,300,g,24,24
391,291,g,24,24
376,295,g,24,24
385,285,g,24,24
407,329,g,24,24
443,349,g,24,24
428,330,g,24,24
404,318,g,24,24
390,335,g,24,24
354,329,g,24,24
339,323,g,24,24
393,288,g,24,24
419,249,g,24,24
395,155,g,24,24
345,205,g,24,24
364,338,g,24,24
426,419,l,24,-24
451,405,l,24,-24
434,447,l,24,-24
427,432,l,24,-24
438,379,g,24,24
425,345,g,24,24
416,350,g,24,24
420,333,g,24,24
432,336,g,24,24
440,317,g,24,24
443,305,g,24,24
440,321,g,24,24
414,284,g,24,24
411,267,g,24,24
442,254,g,24,24
474,247,g,24,24
482,301,g,24,24
436,340,g,24,24
438,391,g,24,24
403,358,g,24,24
354,343,g,24,24
331,321,g,24,24
385,277,g,24,24
447,218,g,24,24
487,249,g,24,24
508,269,g,24,24
503,314,g,24,24
450,293,g,24,24
405,295,g,24,24
399,323,g,24,24
393,369,g,24,24
387,387,g,24,24
381,363,g,24,24
423,331,g,24,24
442,281,g,24,24
451,286,g,24,24
445,251,g,24,24
445,300,g,24,24
436,320,g,24,24
416,266,g,24,24
371,229,g,24,24
358,250,g,24,24
337,257,g,24,24
321,276,g,24,24
384,290,g,24,24
431,293,g,24,24
431,308,g,24,24
419,348,g,24,24
411,296,g,24,24
401,264,g,24,24
343,187,g,24,24
353,163,g,24,24
419,212,g,24,24
477,316,g,24,24
468,383,g,24,24
451,344,g,24,24
451,262,g,24,24
453,225,g,24,24
431,239,g,24,24
402,334,g,24,24
410,344,g,24,24
419,384,g,24,24
417,349,g,24,24
420,331,g,24,24
452,329,g,24,24
677,320,g,24,24
887,285,r,-24,24
961,261,r,-24,24
962,281,r,-24,24
961,287,r,-24,24
950,301,r,-24,24
915,325,r,-24,24
937,304,r,-24,24
957,279,r,-24,24
877,263,r,-24,24
750,247,r,-24,24
597,246,g,24,24
449,262,g,24,24
410,267,g,24,24
452,309,g,24,24
551,335,g,24,24
714,345,g,24,24
857,354,r,-24,24
949,353,r,-24,24
960,316,r,-24,24
927,294,r,-24,24
836,321,r,-24,24
710,309,g,24,24
576,279,g,24,24
566,271,g,24,24
635,289,g,24,24
770,301,r,-24,24
875,295,r,-24,24
920,301,r,-24,24
900,279,r,-24,24
832,240,r,-24,24
716,215,g,24,24
556,265,g,24,24
487,283,g,24,24
530,299,g,24,24
659,359,g,24,24
820,366,r,-24,24
928,319,r,-24,24
948,269,r,-24,24
930,261,r,-24,24
878,231,r,-24,24
785,245,r,-24,24
640,300,g,24,24
523,300,g,24,24
496,300,g,24,24
543,279,g,24,24
641,288,g,24,24
767,308,r,-24,24
865,336,r,-24,24
882,343,r,-24,24
853,225,r,-24,24
776,228,r,-24,24
639,289,g,24,24
516,305,g,24,24
462,338,g,24,24
458,320,g,24,24
548,281,g,24,24
662,277,g,24,24
793,310,r,-24,24
915,309,r,-24,24
952,298,r,-24,24
952,327,r,-24,24
937,291,r,-24,24
895,261,r,-24,24
840,254,r,-24,24
770,236,r,-24,24
699,298,g,24,24
636,355,g,24,24
618,304,g,24,24
654,248,g,24,24
720,204,g,24,24
797,203,r,-24,24
872,239,r,-24,24
901,283,r,-24,24
892,292,r,-24,24
879,257,r,-24,24
846,230,r,-24,24
796,190,r,-24,24
728,203,r,-24,24
649,222,g,24,24
583,250,g,24,24
532,270,g,24,24
528,307,g,24,24
530,278,g,24,24
604,179,g,24,24
670,156,g,24,24
769,162,r,-24,24
855,223,r,-24,24
893,273,r,-24,24
874,252,r,-24,24
829,245,r,-24,24
744,243,r,-24,24
659,199,g,24,24
600,244,g,24,24
578,249,g,24,24
611,245,g,24,24
673,197,g,24,24
727,287,r,-24,24
783,299,r,-24,24
825,302,r,-24,24
794,326,r,-24,24
732,319,r,-24,24
673,203,g,24,24
611,147,g,24,24
574,196,g,24,24
604,270,g,24,24
666,313,g,24,24
725,338,g,24,24
791,347,r,-24,24
870,340,r,-24,24
902,323,r,-24,24
907,364,r,-24,24
894,363,r,-24,24
853,332,r,-24,24
782,286,r,-24,24
706,303,g,24,24
641,301,g,24,24
613,320,g,24,24
626,310,g,24,24
713,334,g,24,24
794,318,r,-24,24
871,308,r,-24,24
907,325,r,-24,24
916,307,r,-24,24
907,343,r,-24,24
882,359,r,-24,24
837,364,r,-24,24
790,361,r,-24,24
736,347,r,-24,24
668,342,g,24,24
601,311,g,24,24
556,283,g,24,24
536,277,g,24,24
548,300,g,24,24
571,296,g,24,24
618,286,g,24,24
669,315,g,24,24
700,363,g,24,24
726,322,r,-24,24
717,290,g,24,24
705,267,g,24,24
703,279,g,24,24
698,259,g,24,24
716,277,g,24,24
732,254,r,-24,24
720,298,g,24,24
675,275,g,24,24
642,248,g,24,24
631,260,g,24,24
636,253,g,24,24
613,258,g,24,24
583,245,g,24,24
559,222,g,24,24
569,268,g,24,24
607,268,g,24,24
643,227,g,24,24
652,255,g,24,24
656,362,g,24,24
654,321,g,24,24
643,304,g,24,24
640,319,g,24,24
637,295,g,24,24
600,321,g,24,24
518,318,g,24,24
470,324,g,24,24
510,308,g,24,24
531,290,g,24,24
528,305,g,24,24
473,318,g,24,24
459,227,g,24,24
416,204,g,24,24
405,266,g,24,24
389,220,g,24,24
392,253,g,24,24
408,282,g,24,24
502,286,g,24,24
464,290,g,24,24
387,286,g,24,24
361,288,g,24,24
341,298,g,24,24
330,314,g,24,24
299,298,g,24,24
341,229,g,24,24
415,251,g,24,24
389,286,g,24,24
392,274,g,24,24
425,207,g,24,24
447,268,g,24,24
410,192,g,24,24
360,202,g,24,24
329,230,g,24,24
309,267,g,24,24
345,276,g,24,24
403,295,g,24,24
391,256,g,24,24
362,271,g,24,24
364,310,g,24,24
391,329,g,24,24
429,298,g,24,24
439,285,g,24,24
412,247,g,24,24
372,234,g,24,24
367,238,g,24,24
377,222,g,24,24
361,235,g,24,24
340,249,g,24,24
324,313,g,24,24
385,276,g,24,24
416,222,g,24,24
403,241,g,24,24
398,247,g,24,24
404,217,g,24,24
401,194,g,24,24
394,252,g,24,24
394,239,g,24,24
416,205,g,24,24
399,248,g,24,24
364,254,g,24,24
387,289,g,24,24
379,292,g,24,24
353,297,g,24,24
351,323,g,24,24
376,335,g,24,24
355,339,g,24,24
343,319,g,24,24
378,249,g,24,24
420,225,g,24,24
376,259,g,24,24
343,321,g,24,24
322,329,g,24,24
309,293,g,24,24
336,317,g,24,24
361,334,g,24,24
415,313,g,24,24
424,314,g,24,24
408,323,g,24,24
433,282,g,24,24
451,211,g,24,24
430,215,g,24,24
366,270,g,24,24
339,274,g,24,24
324,333,g,24,24
346,399,g,24,24
387,349,g,24,24
434,305,g,24,24
458,311,g,24,24
415,330,g,24,24
399,300,g,24,24
437,330,g,24,24
423,284,g,24,24
383,229,g,24,24
360,226,g,24,24
356,210,g,24,24
369,190,g,24,24
416,154,g,24,24
440,201,g,24,24
451,265,g,24,24
424,279,g,24,24
361,266,g,24,24
348,294,g,24,24
402,326,g,24,24
440,304,g,24,24
444,302,g,24,24
402,284,g,24,24
368,302,g,24,24
371,385,g,24,24
369,405,l,24,-24
395,408,l,24,-24
428,416,l,24,-24
438,394,g,24,24
470,300,g,24,24
480,261,g,24,24
477,276,g,24,24
436,297,g,24,24
432,364,g,24,24
409,410,l,24,-24
352,327,g,24,24
347,249,g,24,24
350,218,g,24,24
325,211,g,24,24
312,241,g,24,24
324,247,g,24,24
311,225,g,24,24
316,272,g,24,24
325,307,g,24,24
376,309,g,24,24
369,258,g,24,24
328,134,g,24,24
347,115,g,24,24
347,144,g,24,24
316,160,g,24,24
307,128,g,24,24
362,177,g,24,24
387,220,g,24,24
387,237,g,24,24
357,165,g,24,24
337,209,g,24,24
362,240,g,24,24
370,214,g,24,24
393,221,g,24,24
428,254,g,24,24
415,201,g,24,24
406,274,g,24,24
398,306,g,24,24
395,300,g,24,24
380,282,g,24,24
365,276,g,24,24
366,282,g,24,24
309,288,g,24,24
253,276,g,24,24
309,265,g,24,24
384,279,g,24,24
415,336,g,24,24
422,317,g,24,24
437,314,g,24,24
430,330,g,24,24
374,331,g,24,24
329,345,g,24,24
300,315,g,24,24
362,273,g,24,24
373,256,g,24,24
356,276,g,24,24
368,272,g,24,24
380,266,g,24,24
374,287,g,24,24
380,274,g,24,24
401,242,g,24,24
404,256,g,24,24
389,225,g,24,24
350,239,g,24,24
328,265,g,24,24
383,306,g,24,24
413,339,g,24,24
446,317,g,24,24
459,291,g,24,24
448,281,g,24,24
432,286,g,24,24
429,357,g,24,24
413,393,g,24,24
390,329,g,24,24
396,296,g,24,24
413,304,g,24,24
380,245,g,24,24
350,241,g,24,24
363,243,g,24,24
427,233,g,24,24
433,295,g,24,24
415,301,g,24,24
444,271,g,24,24
426,243,g,24,24
409,282,g,24,24
396,302,g,24,24
386,352,g,24,24
417,396,g,24,24
440,343,g,24,24
419,301,g,24,24
430,250,g,24,24
435,271,g,24,24
433,272,g,24,24
445,283,g,24,24
422,228,g,24,24
400,192,g,24,24
399,271,g,24,24
402,317,g,24,24
384,353,g,24,24
400,326,g,24,24
404,259,g,24,24
389,276,g,24,24
396,304,g,24,24
418,266,g,24,24
438,284,g,24,24
442,328,g,24,24
416,332,g,24,24
333,350,g,24,24
310,365,g,24,24
313,334,g,24,24
343,378,g,24,24
396,415,l,24,-24
393,362,g,24,24
398,351,g,24,24
369,383,g,24,24
370,413,l,24,-24
385,399,g,24,24
391,370,g,24,24
391,335,g,24,24
373,322,g,24,24
342,291,g,24,24
330,253,g,24,24
323,271,g,24,24
343,281,g,24,24
367,311,g,24,24
376,369,g,24,24
383,386,g,24,24
336,400,g,24,24
312,455,l,24,-24
346,506,l,24,-24
322,513,l,24,-24
325,457,l,24,-24
350,376,g,24,24
358,289,g,24,24
351,242,g,24,24
353,254,g,24,24
352,275,g,24,24
361,281,g,24,24
353,245,g,24,24
311,294,g,24,24
278,267,g,24,24
268,268,g,24,24
277,261,g,24,24
300,267,g,24,24
319,266,g,24,24
356,226,g,24,24
366,210,g,24,24
361,247,g,24,24
362,235,g,24,24
359,313,g,24,24
361,392,g,24,24
389,454,l,24,-24
360,438,l,24,-24
388,313,g,24,24
428,270,g,24,24
455,250,g,24,24
469,225,g,24,24
463,228,g,24,24
437,257,g,24,24
411,258,g,24,24
362,296,g,24,24
493,209,g,24,24
875,139,r,-24,24
974,237,r,-24,24
979,294,r,-24,24
978,280,r,-24,24
975,288,r,-24,24
972,272,r,-24,24
970,254,r,-24,24
971,224,r,-24,24
976,210,r,-24,24
977,207,r,-24,24
972,188,r,-24,24
932,228,r,-24,24
818,228,r,-24,24
659,236,g,24,24
501,224,g,24,24
443,249,g,24,24
446,283,g,24,24
527,251,g,24,24
708,290,g,24,24
901,302,r,-24,24
976,298,r,-24,24
978,268,r,-24,24
976,244,r,-24,24
975,237,r,-24,24
971,201,r,-24,24
965,274,r,-24,24
954,311,r,-24,24
923,230,r,-24,24
860,257,r,-24,24
732,297,r,-24,24
566,302,g,24,24
454,289,g,24,24
433,293,g,24,24
533,349,g,24,24
715,315,g,24,24
888,245,r,-24,24
925,271,r,-24,24
946,227,r,-24,24
964,229,r,-24,24
966,237,r,-24,24
965,233,r,-24,24
963,248,r,-24,24
942,260,r,-24,24
871,316,r,-24,24
762,263,r,-24,24
591,275,g,24,24
482,282,g,24,24
453,249,g,24,24
465,261,g,24,24
515,276,g,24,24
605,289,g,24,24
694,249,g,24,24
817,244,r,-24,24
914,268,r,-24,24
947,247,r,-24,24
940,256,r,-24,24
908,272,r,-24,24
839,248,r,-24,24
750,251,r,-24,24
646,266,g,24,24
565,253,g,24,24
518,330,g,24,24
523,342,g,24,24
603,345,g,24,24
682,302,g,24,24
761,246,r,-24,24
856,258,r,-24,24
889,247,r,-24,24
886,264,r,-24,24
836,235,r,-24,24
731,256,r,-24,24
583,224,g,24,24
440,219,g,24,24
374,197,g,24,24
358,242,g,24,24
353,220,g,24,24
349,169,g,24,24
375,170,g,24,24
398,176,g,24,24
425,169,g,24,24
466,172,g,24,24
519,161,g,24,24
558,259,g,24,24
610,286,g,24,24
698,297,g,24,24
787,297,r,-24,24
833,286,r,-24,24
836,322,r,-24,24
804,327,r,-24,24
713,278,g,24,24
622,268,g,24,24
553,264,g,24,24
539,283,g,24,24
577,286,g,24,24
607,275,g,24,24
627,214,g,24,24
667,201,g,24,24
728,218,r,-24,24
773,234,r,-24,24
773,201,r,-24,24
737,208,r,-24,24
665,223,g,24,24
593,202,g,24,24
535,210,g,24,24
509,247,g,24,24
484,227,g,24,24
489,231,g,24,24
522,250,g,24,24
570,300,g,24,24
611,287,g,24,24
614,256,g,24,24
647,291,g,24,24
674,304,g,24,24
688,299,g,24,24
651,280,g,24,24
676,284,g,24,24
704,303,g,24,24
703,368,g,24,24
670,359,g,24,24
676,288,g,24,24
695,236,g,24,24
707,288,g,24,24
725,300,g,24,24
722,334,g,24,24
727,310,r,-24,24
730,265,r,-24,24
698,248,g,24,24
666,254,g,24,24
620,222,g,24,24
578,190,g,24,24
547,176,g,24,24
546,162,g,24,24
511,213,g,24,24
550,192,g,24,24
544,151,g,24,24
551,197,g,24,24
565,262,g,24,24
496,322,g,24,24
449,275,g,24,24
414,251,g,24,24
433,253,g,24,24
428,227,g,24,24
431,225,g,24,24
416,278,g,24,24
413,278,g,24,24
408,281,g,24,24
385,278,g,24,24
365,242,g,24,24
381,272,g,24,24
422,220,g,24,24
397,180,g,24,24
398,232,g,24,24
440,263,g,24,24
479,271,g,24,24
460,272,g,24,24
471,245,g,24,24
471,209,g,24,24
444,233,g,24,24
426,256,g,24,24
387,248,g,24,24
410,218,g,24,24
411,176,g,24,24
411,168,g,24,24
408,192,g,24,24
400,229,g,24,24
366,237,g,24,24
366,250,g,24,24
384,243,g,24,24
377,204,g,24,24
355,240,g,24,24
363,222,g,24,24
346,200,g,24,24
363,180,g,24,24
373,179,g,24,24
310,184,g,24,24
324,205,g,24,24
370,265,g,24,24
410,238,g,24,24
356,190,g,24,24
322,165,g,24,24
377,183,g,24,24
398,263,g,24,24
375,264,g,24,24
393,290,g,24,24
400,318,g,24,24
354,307,g,24,24
340,302,g,24,24
345,308,g,24,24
387,344,g,24,24
401,338,g,24,24
377,336,g,24,24
383,240,g,24,24
385,193,g,24,24
363,231,g,24,24
333,192,g,24,24
361,234,g,24,24
379,256,g,24,24
377,276,g,24,24
382,217,g,24,24
383,235,g,24,24
404,271,g,24,24
397,224,g,24,24
406,225,g,24,24
413,226,g,24,24
418,252,g,24,24
457,311,g,24,24
486,296,g,24,24
447,293,g,24,24
379,283,g,24,24
349,245,g,24,24
351,222,g,24,24
369,244,g,24,24
383,243,g,24,24
379,269,g,24,24
394,333,g,24,24
407,293,g,24,24
360,255,g,24,24
331,263,g,24,24
367,311,g,24,24
378,233,g,24,24
355,199,g,24,24
393,188,g,24,24
449,189,g,24,24
445,240,g,24,24
399,292,g,24,24
389,306,g,24,24
402,280,g,24,24
432,196,g,24,24
431,223,g,24,24
438,246,g,24,24
452,209,g,24,24
416,251,g,24,24
310,249,g,24,24
318,204,g,24,24
382,203,g,24,24
364,265,g,24,24
322,232,g,24,24
398,224,g,24,24
458,258,g,24,24
423,291,g,24,24
419,246,g,24,24
431,262,g,24,24
450,284,g,24,24
397,280,g,24,24
354,293,g,24,24
335,394,g,24,24
323,580,l,24,-24
361,746,l,24,-24
433,812,l,24,-24
429,826,l,24,-24
410,816,l,24,-24
388,772,l,24,-24
390,650,l,24,-24
386,345,g,24,24
374,218,g,24,24
356,193,g,24,24
370,230,g,24,24
404,241,g,24,24
461,231,g,24,24
451,263,g,24,24
424,276,g,24,24
439,268,g,24,24
375,328,g,24,24
347,403,l,24,-24
373,503,l,24,-24
385,552,l,24,-24
401,532,l,24,-24
398,361,g,24,24
346,232,g,24,24
300,221,g,24,24
294,259,g,24,24
306,259,g,24,24
356,300,g,24,24
390,272,g,24,24
394,230,g,24,24
308,313,g,24,24
273,360,g,24,24
290,516,l,24,-24
330,644,l,24,-24
374,715,l,24,-24
383,704,l,24,-24
369,644,l,24,-24
373,473,l,24,-24
377,327,g,24,24
370,306,g,24,24
375,295,g,24,24
378,322,g,24,24
385,324,g,24,24
397,315,g,24,24
395,314,g,24,24
413,316,g,24,24
460,302,g,24,24
426,262,g,24,24
394,255,g,24,24
407,296,g,24,24
416,434,l,24,-24
398,591,l,24,-24
391,682,l,24,-24
399,685,l,24,-24
378,644,l,24,-24
334,525,l,24,-24
323,356,g,24,24
307,252,g,24,24
290,288,g,24,24
294,306,g,24,24
346,290,g,24,24
401,214,g,24,24
432,193,g,24,24
410,283,g,24,24
364,273,g,24,24
308,327,g,24,24
291,368,g,24,24
336,472,l,24,-24
424,581,l,24,-24
425,639,l,24,-24
370,659,l,24,-24
328,616,l,24,-24
304,509,l,24,-24
327,398,g,24,24
378,325,g,24,24
415,305,g,24,24
429,302,g,24,24
436,308,g,24,24
412,277,g,24,24
354,205,g,24,24
339,170,g,24,24
368,241,g,24,24
414,302,g,24,24
471,306,g,24,24
475,408,l,24,-24
455,548,l,24,-24
451,562,l,24,-24
454,471,l,24,-24
423,445,l,24,-24
459,404,l,24,-24
470,378,g,24,24
431,278,g,24,24
382,269,g,24,24
366,245,g,24,24
349,270,g,24,24
329,254,g,24,24
368,296,g,24,24
402,284,g,24,24
404,272,g,24,24
419,319,g,24,24
411,285,g,24,24
422,366,g,24,24
423,439,l,24,-24
414,500,l,24,-24
410,591,l,24,-24
382,564,l,24,-24
346,496,l,24,-24
327,420,l,24,-24
372,308,g,24,24
397,276,g,24,24
393,297,g,24,24
387,264,g,24,24
397,314,g,24,24
400,302,g,24,24
394,318,g,24,24
353,331,g,24,24
360,426,l,24,-24
408,472,l,24,-24
404,549,l,24,-24
390,546,l,24,-24
414,481,l,24,-24
411,388,g,24,24
406,326,g,24,24
408,273,g,24,24
411,281,g,24,24
416,251,g,24,24
412,311,g,24,24
406,453,l,24,-24
403,642,l,24,-24
357,739,l,24,-24
344,771,l,24,-24
382,734,l,24,-24
409,676,l,24,-24
410,558,l,24,-24
402,428,l,24,-24
404,334,g,24,24
400,326,g,24,24
385,274,g,24,24
371,316,g,24,24
350,350,g,24,24
352,319,g,24,24
397,296,g,24,24
411,249,g,24,24
396,263,g,24,24
394,356,g,24,24
397,434,l,24,-24
414,552,l,24,-24
417,664,l,24,-24
416,681,l,24,-24
414,637,l,24,-24
423,549,l,24,-24
421,453,l,24,-24
388,384,g,24,24
383,311,g,24,24
400,317,g,24,24
421,307,g,24,24
436,311,g,24,24
422,251,g,24,24
381,194,g,24,24
352,154,g,24,24
327,234,g,24,24
295,300,g,24,24
259,316,g,24,24
245,388,g,24,24
274,456,l,24,-24
367,523,l,24,-24
405,545,l,24,-24
401,501,l,24,-24
386,434,l,24,-24
396,358,g,24,24
422,277,g,24,24
397,280,g,24,24
362,278,g,24,24
341,298,g,24,24
340,334,g,24,24
352,331,g,24,24
357,312,g,24,24
333,318,g,24,24
309,337,g,24,24
371,327,g,24,24
437,346,g,24,24
434,384,g,24,24
409,425,l,24,-24
423,417,l,24,-24
430,424,l,24,-24
417,356,g,24,24
398,314,g,24,24
370,305,g,24,24
353,290,g,24,24
371,276,g,24,24
401,280,g,24,24
411,306,g,24,24
419,339,g,24,24
417,330,g,24,24
420,397,g,24,24
435,391,g,24,24
420,447,l,24,-24
385,520,l,24,-24
402,493,l,24,-24
413,445,l,24,-24
423,426,l,24,-24
406,348,g,24,24
383,307,g,24,24
373,273,g,24,24
372,278,g,24,24
371,267,g,24,24
365,264,g,24,24
362,256,g,24,24
345,228,g,24,24
306,227,g,24,24
293,235,g,24,24
331,259,g,24,24
363,332,g,24,24
361,387,g,24,24
339,461,l,24,-24
346,552,l,24,-24
357,597,l,24,-24
378,578,l,24,-24
381,525,l,24,-24
338,447,l,24,-24
337,340,g,24,24
334,266,g,24,24
317,259,g,24,24
317,259,g,24,24
325,271,g,24,24
326,284,g,24,24
316,293,g,24,24
305,285,g,24,24
317,259,g,24,24
400,251,g,24,24
449,296,g,24,24
456,349,g,24,24
405,383,g,24,24
364,439,l,24,-24
323,541,l,24,-24
326,560,l,24,-24
356,564,l,24,-24
412,492,l,24,-24
432,438,l,24,-24
419,326,g,24,24
403,301,g,24,24
399,284,g,24,24
400,296,g,24,24
392,301,g,24,24
391,307,g,24,24
400,298,g,24,24
418,309,g,24,24
419,301,g,24,24
412,337,g,24,24
405,360,g,24,24
332,361,g,24,24
270,415,l,24,-24
266,527,l,24,-24
312,584,l,24,-24
343,553,l,24,-24
380,466,l,24,-24
408,344,g,24,24
412,266,g,24,24
392,270,g,24,24
372,270,g,24,24
361,287,g,24,24
359,289,g,24,24
355,276,g,24,24
369,276,g,24,24
378,276,g,24,24
381,269,g,24,24
386,266,g,24,24
380,283,g,24,24
367,276,g,24,24
359,242,g,24,24
295,221,g,24,24
288,190,g,24,24
398,258,g,24,24
446,317,g,24,24
450,285,g,24,24
370,239,g,24,24
319,227,g,24,24
324,249,g,24,24
367,325,g,24,24
418,359,g,24,24
422,346,g,24,24
416,341,g,24,24
391,274,g,24,24
343,233,g,24,24
324,244,g,24,24
320,301,g,24,24
331,287,g,24,24
360,277,g,24,24
397,293,g,24,24
397,321,g,24,24
393,335,g,24,24
393,356,g,24,24
470,359,g,24,24
484,385,g,24,24
434,397,g,24,24
416,441,l,24,-24
391,496,l,24,-24
345,508,l,24,-24
317,461,l,24,-24
326,416,l,24,-24
331,337,g,24,24
327,229,g,24,24
340,219,g,24,24
358,221,g,24,24
384,244,g,24,24
422,220,g,24,24
425,236,g,24,24
362,227,g,24,24
339,240,g,24,24
368,222,g,24,24
387,256,g,24,24
386,261,g,24,24
376,372,g,24,24
370,367,g,24,24
400,305,g,24,24
443,302,g,24,24
410,335,g,24,24
352,312,g,24,24
321,306,g,24,24
314,271,g,24,24
304,262,g,24,24
307,215,g,24,24
309,210,g,24,24
339,231,g,24,24
384,284,g,24,24
415,296,g,24,24
421,310,g,24,24
417,305,g,24,24
425,325,g,24,24
428,339,g,24,24
461,290,g,24,24
496,321,g,24,24
506,293,g,24,24
458,308,g,24,24
397,296,g,24,24
353,338,g,24,24
335,322,g,24,24
321,339,g,24,24
336,360,g,24,24
358,336,g,24,24
367,275,g,24,24
386,293,g,24,24
390,298,g,24,24
401,318,g,24,24
422,391,g,24,24
418,306,g,24,24
422,234,g,24,24
433,156,g,24,24
438,169,g,24,24
423,234,g,24,24
370,246,g,24,24
335,277,g,24,24
334,298,g,24,24
341,305,g,24,24
367,270,g,24,24
378,247,g,24,24
330,243,g,24,24
332,261,g,24,24
352,261,g,24,24
316,275,g,24,24
283,281,g,24,24
302,257,g,24,24
350,243,g,24,24
354,247,g,24,24
352,261,g,24,24
372,258,g,24,24
365,181,g,24,24
352,147,g,24,24
367,252,g,24,24
400,272,g,24,24
389,165,g,24,24
362,183,g,24,24
336,234,g,24,24
327,272,g,24,24
342,298,g,24,24
362,270,g,24,24
381,206,g,24,24
395,184,g,24,24
422,190,g,24,24
410,218,g,24,24
383,223,g,24,24
372,215,g,24,24
405,256,g,24,24
404,273,g,24,24
395,292,g,24,24
399,293,g,24,24
388,297,g,24,24
423,277,g,24,24
634,213,g,24,24
864,149,r,-24,24
965,174,r,-24,24
975,177,r,-24,24
979,156,r,-24,24
978,212,r,-24,24
974,265,r,-24,24
951,267,r,-24,24
849,279,r,-24,24
661,289,g,24,24
514,284,g,24,24
476,311,g,24,24
441,310,g,24,24
392,293,g,24,24
367,318,g,24,24
413,288,g,24,24
499,307,g,24,24
598,303,g,24,24
694,323,g,24,24
807,331,r,-24,24
887,301,r,-24,24
903,289,r,-24,24
881,308,r,-24,24
764,348,r,-24,24
594,323,g,24,24
433,276,g,24,24
369,321,g,24,24
374,338,g,24,24
387,277,g,24,24
381,235,g,24,24
394,245,g,24,24
498,302,g,24,24
644,293,g,24,24
784,296,r,-24,24
895,320,r,-24,24
926,308,r,-24,24
920,279,r,-24,24
875,300,r,-24,24
816,311,r,-24,24
750,302,r,-24,24
691,307,g,24,24
631,336,g,24,24
604,320,g,24,24
630,310,g,24,24
686,303,g,24,24
753,254,r,-24,24
832,275,r,-24,24
823,333,r,-24,24
736,320,r,-24,24
641,329,g,24,24
565,330,g,24,24
530,321,g,24,24
513,346,g,24,24
541,327,g,24,24
595,291,g,24,24
671,234,g,24,24
752,221,r,-24,24
825,243,r,-24,24
822,218,r,-24,24
765,198,r,-24,24
663,232,g,24,24
570,291,g,24,24
510,291,g,24,24
513,263,g,24,24
546,184,g,24,24
590,203,g,24,24
665,220,g,24,24
775,236,r,-24,24
858,263,r,-24,24
891,266,r,-24,24
900,270,r,-24,24
865,271,r,-24,24
782,315,r,-24,24
700,330,g,24,24
644,365,g,24,24
617,312,g,24,24
629,279,g,24,24
666,266,g,24,24
712,328,g,24,24
801,305,r,-24,24
898,259,r,-24,24
939,235,r,-24,24
952,264,r,-24,24
944,255,r,-24,24
913,240,r,-24,24
853,290,r,-24,24
765,320,r,-24,24
643,351,g,24,24
531,352,g,24,24
487,326,g,24,24
511,268,g,24,24
598,269,g,24,24
705,286,g,24,24
821,348,r,-24,24
925,321,r,-24,24
960,344,r,-24,24
970,325,r,-24,24
972,296,r,-24,24
968,325,r,-24,24
957,325,r,-24,24
928,298,r,-24,24
870,307,r,-24,24
785,294,r,-24,24
678,282,g,24,24
606,260,g,24,24
574,309,g,24,24
573,310,g,24,24
589,331,g,24,24
652,326,g,24,24
756,309,r,-24,24
863,296,r,-24,24
911,279,r,-24,24
908,286,r,-24,24
857,269,r,-24,24
779,282,r,-24,24
708,358,g,24,24
642,362,g,24,24
612,330,g,24,24
616,304,g,24,24
674,279,g,24,24
751,222,r,-24,24
852,206,r,-24,24
913,260,r,-24,24
924,305,r,-24,24
920,273,r,-24,24
900,272,r,-24,24
862,321,r,-24,24
809,325,r,-24,24
738,348,r,-24,24
664,359,g,24,24
609,362,g,24,24
595,315,g,24,24
620,253,g,24,24
667,207,g,24,24
752,193,r,-24,24
862,197,r,-24,24
921,202,r,-24,24
929,234,r,-24,24
915,317,r,-24,24
868,302,r,-24,24
817,274,r,-24,24
757,246,r,-24,24
706,261,g,24,24
662,280,g,24,24
646,307,g,24,24
666,315,g,24,24
736,285,r,-24,24
841,261,r,-24,24
891,286,r,-24,24
898,283,r,-24,24
869,287,r,-24,24
814,274,r,-24,24
745,283,r,-24,24
682,301,g,24,24
636,287,g,24,24
612,266,g,24,24
627,275,g,24,24
719,304,g,24,24
776,328,r,-24,24
864,229,r,-24,24
917,230,r,-24,24
927,223,r,-24,24
925,244,r,-24,24
909,227,r,-24,24
872,154,r,-24,24
820,154,r,-24,24
750,159,r,-24,24
665,176,g,24,24
592,243,g,24,24
578,235,g,24,24
603,244,g,24,24
669,247,g,24,24
739,216,r,-24,24
843,192,r,-24,24
909,235,r,-24,24
915,236,r,-24,24
896,237,r,-24,24
835,256,r,-24,24
767,242,r,-24,24
654,252,g,24,24
547,271,g,24,24
487,285,g,24,24
472,320,g,24,24
504,272,g,24,24
552,298,g,24,24
622,301,g,24,24
739,314,r,-24,24
860,252,r,-24,24
922,154,r,-24,24
936,120,r,-24,24
934,190,r,-24,24
929,277,r,-24,24
908,289,r,-24,24
872,284,r,-24,24
830,245,r,-24,24
784,234,r,-24,24
742,138,r,-24,24
720,161,g,24,24
710,178,g,24,24
724,172,g,24,24
741,218,r,-24,24
758,310,r,-24,24
714,359,g,24,24
663,223,g,24,24
605,151,g,24,24
574,152,g,24,24
646,206,g,24,24
713,261,g,24,24
779,259,r,-24,24
827,256,r,-24,24
850,236,r,-24,24
831,229,r,-24,24
789,242,r,-24,24
721,282,g,24,24
645,230,g,24,24
601,204,g,24,24
594,193,g,24,24
621,180,g,24,24
640,206,g,24,24
656,247,g,24,24
672,263,g,24,24
724,195,g,24,24
784,192,r,-24,24
855,207,r,-24,24
864,229,r,-24,24
859,249,r,-24,24
821,235,r,-24,24
769,203,r,-24,24
715,182,g,24,24
657,215,g,24,24
624,235,g,24,24
622,235,g,24,24
626,223,g,24,24
630,235,g,24,24
626,228,g,24,24
616,230,g,24,24
632,218,g,24,24
660,256,g,24,24
666,255,g,24,24
661,244,g,24,24
661,193,g,24,24
669,156,g,24,24
636,188,g,24,24
591,207,g,24,24
561,164,g,24,24
507,175,g,24,24
427,243,g,24,24
417,227,g,24,24
435,195,g,24,24
492,190,g,24,24
495,194,g,24,24
425,217,g,24,24
366,257,g,24,24
372,296,g,24,24
402,281,g,24,24
410,278,g,24,24
418,277,g,24,24
408,274,g,24,24
417,270,g,24,24
448,297,g,24,24
436,342,g,24,24
394,322,g,24,24
383,277,g,24,24
383,254,g,24,24
400,302,g,24,24
412,298,g,24,24
403,274,g,24,24
396,275,g,24,24
427,262,g,24,24
439,240,g,24,24
433,233,g,24,24
423,240,g,24,24
403,268,g,24,24
376,242,g,24,24
347,276,g,24,24
317,310,g,24,24
367,270,g,24,24
387,250,g,24,24
347,286,g,24,24
368,431,l,24,-24
409,652,l,24,-24
409,818,l,24,-24
409,857,l,24,-24
405,827,l,24,-24
387,832,l,24,-24
357,805,l,24,-24
324,671,l,24,-24
323,392,g,24,24
369,224,g,24,24
394,204,g,24,24
412,201,g,24,24
422,204,g,24,24
408,234,g,24,24
296,243,g,24,24
288,362,g,24,24
390,506,l,24,-24
440,782,l,24,-24
451,933,l,24,-24
425,943,l,24,-24
408,849,l,24,-24
400,668,l,24,-24
407,454,l,24,-24
347,254,g,24,24
326,221,g,24,24
371,172,g,24,24
442,176,g,24,24
461,217,g,24,24
383,233,g,24,24
333,292,g,24,24
365,300,g,24,24
367,233,g,24,24
384,321,g,24,24
405,384,g,24,24
420,475,l,24,-24
406,623,l,24,-24
372,746,l,24,-24
353,767,l,24,-24
424,706,l,24,-24
422,545,l,24,-24
376,347,g,24,24
370,272,g,24,24
368,265,g,24,24
403,288,g,24,24
414,300,g,24,24
432,272,g,24,24
418,280,g,24,24
409,353,g,24,24
406,453,l,24,-24
390,609,l,24,-24
382,834,l,24,-24
381,821,l,24,-24
353,704,l,24,-24
357,573,l,24,-24
363,370,g,24,24
356,328,g,24,24
361,305,g,24,24
378,299,g,24,24
410,334,g,24,24
430,312,g,24,24
420,330,g,24,24
399,383,g,24,24
401,436,l,24,-24
381,618,l,24,-24
383,744,l,24,-24
439,756,l,24,-24
476,711,l,24,-24
428,577,l,24,-24
350,371,g,24,24
387,309,g,24,24
441,277,g,24,24
459,291,g,24,24
451,314,g,24,24
447,275,g,24,24
402,311,g,24,24
346,369,g,24,24
371,435,l,24,-24
365,567,l,24,-24
397,691,l,24,-24
342,723,l,24,-24
291,630,l,24,-24
278,461,l,24,-24
276,308,g,24,24
293,273,g,24,24
313,278,g,24,24
358,293,g,24,24
361,337,g,24,24
383,329,g,24,24
346,357,g,24,24
323,302,g,24,24
294,314,g,24,24
317,291,g,24,24
340,277,g,24,24
327,256,g,24,24
432,309,g,24,24
402,442,l,24,-24
405,584,l,24,-24
319,661,l,24,-24
275,649,l,24,-24
317,594,l,24,-24
308,425,l,24,-24
281,367,g,24,24
310,282,g,24,24
353,273,g,24,24
372,261,g,24,24
374,266,g,24,24
386,273,g,24,24
423,255,g,24,24
419,266,g,24,24
420,286,g,24,24
358,252,g,24,24
350,221,g,24,24
413,290,g,24,24
446,306,g,24,24
438,338,g,24,24
381,435,l,24,-24
372,479,l,24,-24
410,513,l,24,-24
423,477,l,24,-24
408,409,l,24,-24
374,279,g,24,24
373,177,g,24,24
389,164,g,24,24
413,101,g,24,24
433,130,g,24,24
437,167,g,24,24
452,221,g,24,24
480,289,g,24,24
469,284,g,24,24
458,239,g,24,24
471,303,g,24,24
453,309,g,24,24
444,381,g,24,24
425,490,l,24,-24
416,506,l,24,-24
302,464,l,24,-24
328,432,l,24,-24
401,390,g,24,24
379,330,g,24,24
370,307,g,24,24
367,290,g,24,24
372,279,g,24,24
366,312,g,24,24
367,286,g,24,24
407,279,g,24,24
361,289,g,24,24
325,340,g,24,24
359,356,g,24,24
380,379,g,24,24
386,410,l,24,-24
388,469,l,24,-24
383,493,l,24,-24
374,475,l,24,-24
365,417,l,24,-24
349,312,g,24,24
324,276,g,24,24
323,283,g,24,24
337,268,g,24,24
347,268,g,24,24
348,247,g,24,24
358,260,g,24,24
373,271,g,24,24
423,250,g,24,24
434,219,g,24,24
420,239,g,24,24
383,292,g,24,24
335,329,g,24,24
390,311,g,24,24
402,298,g,24,24
387,337,g,24,24
416,351,g,24,24
442,400,g,24,24
405,411,l,24,-24
386,430,l,24,-24
389,430,l,24,-24
415,414,l,24,-24
416,339,g,24,24
432,330,g,24,24
447,330,g,24,24
443,344,g,24,24
414,320,g,24,24
348,293,g,24,24
315,271,g,24,24
310,271,g,24,24
338,294,g,24,24
390,281,g,24,24
405,259,g,24,24
414,248,g,24,24
406,215,g,24,24
400,204,g,24,24
391,192,g,24,24
384,195,g,24,24
351,240,g,24,24
326,269,g,24,24
338,285,g,24,24
349,297,g,24,24
401,313,g,24,24
408,307,g,24,24
386,327,g,24,24
382,316,g,24,24
378,292,g,24,24
363,301,g,24,24
383,298,g,24,24
392,304,g,24,24
385,324,g,24,24
378,296,g,24,24
386,198,g,24,24
425,230,g,24,24
455,256,g,24,24
445,260,g,24,24
414,245,g,24,24
405,248,g,24,24
389,189,g,24,24
393,217,g,24,24
394,203,g,24,24
383,184,g,24,24
413,202,g,24,24
448,216,g,24,24
402,240,g,24,24
358,297,g,24,24
347,306,g,24,24
356,315,g,24,24
382,277,g,24,24
414,214,g,24,24
438,221,g,24,24
440,300,g,24,24
435,297,g,24,24
432,346,g,24,24
430,297,g,24,24
465,275,g,24,24
467,276,g,24,24
459,306,g,24,24
455,284,g,24,24
419,268,g,24,24
417,239,g,24,24
409,263,g,24,24
407,269,g,24,24
410,276,g,24,24
382,298,g,24,24
349,289,g,24,24
377,256,g,24,24
416,258,g,24,24
418,257,g,24,24
349,305,g,24,24
317,323,g,24,24
376,328,g,24,24
410,322,g,24,24
418,252,g,24,24
424,196,g,24,24
451,222,g,24,24
479,246,g,24,24
501,355,g,24,24
589,338,g,24,24
739,272,r,-24,24
874,255,r,-24,24
922,220,r,-24,24
916,199,r,-24,24
846,225,r,-24,24
764,246,r,-24,24
683,231,g,24,24
588,242,g,24,24
536,279,g,24,24
540,260,g,24,24
553,248,g,24,24
584,257,g,24,24
635,257,g,24,24
700,240,g,24,24
750,201,r,-24,24
797,259,r,-24,24
760,284,r,-24,24
642,273,g,24,24
519,272,g,24,24
480,291,g,24,24
480,289,g,24,24
472,265,g,24,24
452,232,g,24,24
490,234,g,24,24
552,238,g,24,24
592,293,g,24,24
588,353,g,24,24
606,366,g,24,24
671,308,g,24,24
743,338,r,-24,24
785,319,r,-24,24
765,271,r,-24,24
661,222,g,24,24
567,224,g,24,24
518,232,g,24,24
526,268,g,24,24
566,241,g,24,24
656,270,g,24,24
726,331,r,-24,24
782,322,r,-24,24
781,309,r,-24,24
687,347,g,24,24
598,291,g,24,24
537,315,g,24,24
531,316,g,24,24
541,297,g,24,24
595,215,g,24,24
678,232,g,24,24
732,255,r,-24,24
777,224,r,-24,24
739,241,r,-24,24
634,319,g,24,24
508,364,g,24,24
447,247,g,24,24
438,210,g,24,24
439,239,g,24,24
448,243,g,24,24
466,216,g,24,24
490,259,g,24,24
515,276,g,24,24
550,312,g,24,24
595,269,g,24,24
636,279,g,24,24
684,267,g,24,24
734,273,r,-24,24
801,192,r,-24,24
793,253,r,-24,24
723,234,g,24,24
605,185,g,24,24
516,254,g,24,24
490,286,g,24,24
517,265,g,24,24
527,222,g,24,24
530,229,g,24,24
555,244,g,24,24
600,238,g,24,24
633,179,g,24,24
675,224,g,24,24
757,243,r,-24,24
823,118,r,-24,24
845,141,r,-24,24
789,211,r,-24,24
702,227,g,24,24
597,185,g,24,24
541,243,g,24,24
544,254,g,24,24
550,240,g,24,24
560,189,g,24,24
610,216,g,24,24
693,262,g,24,24
752,308,r,-24,24
814,279,r,-24,24
821,188,r,-24,24
778,203,r,-24,24
680,245,g,24,24
591,305,g,24,24
532,253,g,24,24
532,197,g,24,24
551,206,g,24,24
585,248,g,24,24
630,256,g,24,24
673,263,g,24,24
710,241,g,24,24
744,261,r,-24,24
800,304,r,-24,24
813,304,r,-24,24
770,267,r,-24,24
667,284,g,24,24
577,293,g,24,24
511,321,g,24,24
503,307,g,24,24
526,308,g,24,24
572,333,g,24,24
617,318,g,24,24
639,342,g,24,24
645,352,g,24,24
691,303,g,24,24
769,342,r,-24,24
844,301,r,-24,24
854,250,r,-24,24
823,301,r,-24,24
736,316,r,-24,24
650,356,g,24,24
573,358,g,24,24
530,316,g,24,24
521,310,g,24,24
531,292,g,24,24
542,316,g,24,24
546,332,g,24,24
564,340,g,24,24
596,306,g,24,24
666,318,g,24,24
758,335,r,-24,24
830,318,r,-24,24
830,321,r,-24,24
759,296,r,-24,24
680,313,g,24,24
606,311,g,24,24
558,313,g,24,24
564,304,g,24,24
579,327,g,24,24
609,328,g,24,24
644,320,g,24,24
685,296,g,24,24
748,339,r,-24,24
824,319,r,-24,24
851,303,r,-24,24
835,306,r,-24,24
789,308,r,-24,24
699,296,g,24,24
602,251,g,24,24
547,222,g,24,24
518,246,g,24,24
504,248,g,24,24
529,251,g,24,24
594,228,g,24,24
687,240,g,24,24
799,252,r,-24,24
884,288,r,-24,24
930,252,r,-24,24
937,274,r,-24,24
931,296,r,-24,24
902,302,r,-24,24
847,267,r,-24,24
731,276,r,-24,24
591,250,g,24,24
475,260,g,24,24
427,278,g,24,24
429,301,g,24,24
475,261,g,24,24
585,174,g,24,24
699,149,g,24,24
813,174,r,-24,24
912,195,r,-24,24
959,192,r,-24,24
961,205,r,-24,24
935,219,r,-24,24
881,244,r,-24,24
835,228,r,-24,24
788,179,r,-24,24
722,203,g,24,24
665,202,g,24,24
644,193,g,24,24
650,196,g,24,24
740,209,r,-24,24
858,266,r,-24,24
921,245,r,-24,24
938,298,r,-24,24
937,261,r,-24,24
922,238,r,-24,24
889,248,r,-24,24
844,272,r,-24,24
795,287,r,-24,24
735,288,r,-24,24
670,320,g,24,24
622,299,g,24,24
599,281,g,24,24
593,248,g,24,24
653,213,g,24,24
737,213,r,-24,24
832,302,r,-24,24
887,261,r,-24,24
898,243,r,-24,24
883,152,r,-24,24
846,172,r,-24,24
778,215,r,-24,24
705,243,g,24,24
646,234,g,24,24
640,250,g,24,24
691,249,g,24,24
778,216,r,-24,24
880,257,r,-24,24
934,293,r,-24,24
939,304,r,-24,24
933,308,r,-24,24
921,288,r,-24,24
898,279,r,-24,24
870,254,r,-24,24
819,239,r,-24,24
754,232,r,-24,24
686,222,g,24,24
632,195,g,24,24
621,193,g,24,24
674,200,g,24,24
760,201,r,-24,24
844,230,r,-24,24
852,227,r,-24,24
862,302,r,-24,24
851,299,r,-24,24
808,306,r,-24,24
746,321,r,-24,24
688,306,g,24,24
647,284,g,24,24
632,282,g,24,24
632,295,g,24,24
674,290,g,24,24
725,294,g,24,24
787,315,r,-24,24
879,311,r,-24,24
930,332,r,-24,24
944,302,r,-24,24
938,317,r,-24,24
917,320,r,-24,24
878,327,r,-24,24
827,406,x,24,24
778,313,r,-24,24
762,322,r,-24,24
739,313,r,-24,24
702,336,g,24,24
669,303,g,24,24
655,324,g,24,24
648,331,g,24,24
686,337,g,24,24
728,323,r,-24,24
782,327,r,-24,24
785,321,r,-24,24
788,309,r,-24,24
755,276,r,-24,24
707,274,g,24,24
667,278,g,24,24
655,286,g,24,24
674,282,g,24,24
716,308,g,24,24
744,280,r,-24,24
785,236,r,-24,24
810,247,r,-24,24
829,232,r,-24,24
826,240,r,-24,24
821,219,r,-24,24
807,249,r,-24,24
787,296,r,-24,24
768,317,r,-24,24
743,304,r,-24,24
705,321,g,24,24
672,248,g,24,24
631,259,g,24,24
592,261,g,24,24
597,296,g,24,24
624,323,g,24,24
643,300,g,24,24
643,259,g,24,24
651,217,g,24,24
664,226,g,24,24
679,229,g,24,24
686,230,g,24,24
681,221,g,24,24
684,244,g,24,24
676,207,g,24,24
664,225,g,24,24
686,240,g,24,24
715,279,g,24,24
722,271,g,24,24
715,266,g,24,24
707,271,g,24,24
703,296,g,24,24
734,277,r,-24,24
743,296,r,-24,24
730,291,r,-24,24
696,298,g,24,24
642,321,g,24,24
585,308,g,24,24
560,315,g,24,24
605,329,g,24,24
575,307,g,24,24
554,301,g,24,24
540,275,g,24,24
519,301,g,24,24
503,295,g,24,24
504,280,g,24,24
489,331,g,24,24
457,286,g,24,24
433,236,g,24,24
422,249,g,24,24
407,299,g,24,24
392,366,g,24,24
401,325,g,24,24
363,249,g,24,24
316,246,g,24,24
351,274,g,24,24
374,296,g,24,24
414,305,g,24,24
393,256,g,24,24
381,260,g,24,24
370,249,g,24,24
397,300,g,24,24
408,338,g,24,24
411,359,g,24,24
413,352,g,24,24
399,285,g,24,24
374,262,g,24,24
407,268,g,24,24
406,231,g,24,24
419,215,g,24,24
414,255,g,24,24
413,253,g,24,24
400,276,g,24,24
389,320,g,24,24
379,294,g,24,24
371,264,g,24,24
379,252,g,24,24
405,253,g,24,24
402,222,g,24,24
397,296,g,24,24
413,256,g,24,24
407,308,g,24,24
383,339,g,24,24
375,387,g,24,24
364,411,l,24,-24
383,407,l,24,-24
411,406,l,24,-24
411,358,g,24,24
389,356,g,24,24
386,328,g,24,24
420,296,g,24,24
464,296,g,24,24
495,274,g,24,24
502,284,g,24,24
484,383,g,24,24
482,418,l,24,-24
466,333,g,24,24
452,283,g,24,24
453,282,g,24,24
452,324,g,24,24
448,312,g,24,24
446,338,g,24,24
426,320,g,24,24
394,283,g,24,24
350,280,g,24,24
347,280,g,24,24
353,296,g,24,24
360,565,l,24,-24
436,831,l,24,-24
443,851,l,24,-24
432,840,l,24,-24
407,836,l,24,-24
380,849,l,24,-24
347,842,l,24,-24
325,842,l,24,-24
350,837,l,24,-24
480,838,l,24,-24
674,841,l,24,-24
863,845,x,24,24
957,800,x,24,24
969,684,x,24,24
976,629,x,24,24
980,643,x,24,24
975,648,x,24,24
968,594,x,24,24
972,544,x,24,24
971,488,x,24,24
971,493,x,24,24
969,513,x,24,24
972,540,x,24,24
979,546,x,24,24
980,460,x,24,24
973,304,r,-24,24
972,261,r,-24,24
972,250,r,-24,24
978,256,r,-24,24
981,236,r,-24,24
981,185,r,-24,24
982,187,r,-24,24
982,178,r,-24,24
981,186,r,-24,24
980,243,r,-24,24
972,271,r,-24,24
939,239,r,-24,24
857,208,r,-24,24
739,221,r,-24,24
610,248,g,24,24
493,277,g,24,24
404,248,g,24,24
371,256,g,24,24
368,264,g,24,24
365,278,g,24,24
368,267,g,24,24
361,302,g,24,24
347,318,g,24,24
353,280,g,24,24
376,294,g,24,24
388,333,g,24,24
399,265,g,24,24
379,257,g,24,24
345,262,g,24,24
329,263,g,24,24
326,240,g,24,24
354,302,g,24,24
387,309,g,24,24
336,269,g,24,24
293,272,g,24,24
315,272,g,24,24
374,278,g,24,24
427,276,g,24,24
379,279,g,24,24
329,260,g,24,24
321,262,g,24,24
320,266,g,24,24
355,285,g,24,24
408,292,g,24,24
438,324,g,24,24
442,298,g,24,24
403,267,g,24,24
360,261,g,24,24
338,269,g,24,24
333,256,g,24,24
333,253,g,24,24
322,256,g,24,24
327,265,g,24,24
347,230,g,24,24
347,219,g,24,24
368,308,g,24,24
382,343,g,24,24
371,332,g,24,24
375,277,g,24,24
357,238,g,24,24
345,289,g,24,24
375,318,g,24,24
386,297,g,24,24
414,333,g,24,24
426,390,g,24,24
413,509,l,24,-24
397,634,l,24,-24
382,700,l,24,-24
399,719,l,24,-24
428,712,l,24,-24
448,671,l,24,-24
449,566,l,24,-24
421,461,l,24,-24
406,361,g,24,24
408,366,g,24,24
399,336,g,24,24
387,341,g,24,24
359,310,g,24,24
328,343,g,24,24
312,316,g,24,24
300,233,g,24,24
315,156,g,24,24
349,185,g,24,24
405,227,g,24,24
435,273,g,24,24
433,340,g,24,24
418,353,g,24,24
419,379,g,24,24
420,373,g,24,24
422,355,g,24,24
411,342,g,24,24
391,326,g,24,24
391,340,g,24,24
389,359,g,24,24
357,353,g,24,24
364,330,g,24,24
425,331,g,24,24
466,354,g,24,24
476,363,g,24,24
477,381,g,24,24
438,385,g,24,24
396,346,g,24,24
375,367,g,24,24
394,452,l,24,-24
398,486,l,24,-24
414,516,l,24,-24
407,509,l,24,-24
389,462,l,24,-24
376,385,g,24,24
379,287,g,24,24
381,282,g,24,24
370,268,g,24,24
344,281,g,24,24
344,297,g,24,24
367,302,g,24,24
380,270,g,24,24
373,284,g,24,24
340,257,g,24,24
332,235,g,24,24
339,216,g,24,24
320,213,g,24,24
329,244,g,24,24
354,277,g,24,24
366,270,g,24,24
354,246,g,24,24
342,268,g,24,24
321,296,g,24,24
306,328,g,24,24
308,376,g,24,24
324,395,g,24,24
322,421,l,24,-24
298,483,l,24,-24
301,473,l,24,-24
318,444,l,24,-24
325,383,g,24,24
339,309,g,24,24
355,277,g,24,24
373,239,g,24,24
390,233,g,24,24
395,243,g,24,24
391,256,g,24,24
374,305,g,24,24
357,321,g,24,24
347,302,g,24,24
351,305,g,24,24
371,332,g,24,24
378,318,g,24,24
373,368,g,24,24
368,389,g,24,24
391,375,g,24,24
385,385,g,24,24
390,360,g,24,24
399,398,g,24,24
397,416,l,24,-24
390,463,l,24,-24
384,423,l,24,-24
381,327,g,24,24
383,311,g,24,24
381,271,g,24,24
385,269,g,24,24
406,284,g,24,24
423,270,g,24,24
421,238,g,24,24
421,241,g,24,24
382,276,g,24,24
360,292,g,24,24
365,305,g,24,24
389,295,g,24,24
387,250,g,24,24
347,253,g,24,24
232,236,g,24,24
214,282,g,24,24
251,293,g,24,24
323,324,g,24,24
363,301,g,24,24
388,281,g,24,24
429,267,g,24,24
426,271,g,24,24
407,240,g,24,24
412,197,g,24,24
400,135,g,24,24
380,170,g,24,24
368,253,g,24,24
380,264,g,24,24
391,257,g,24,24
384,264,g,24,24
372,275,g,24,24
399,325,g,24,24
392,295,g,24,24
393,305,g,24,24
396,353,g,24,24
384,337,g,24,24
355,297,g,24,24
354,348,g,24,24
379,332,g,24,24
395,334,g,24,24
398,322,g,24,24
415,316,g,24,24
437,293,g,24,24
438,351,g,24,24
406,337,g,24,24
354,324,g,24,24
351,343,g,24,24
344,342,g,24,24
390,301,g,24,24
444,334,g,24,24
462,350,g,24,24
446,368,g,24,24
407,397,g,24,24
361,446,l,24,-24
351,455,l,24,-24
338,438,l,24,-24
332,422,l,24,-24
329,353,g,24,24
335,301,g,24,24
342,284,g,24,24
355,295,g,24,24
368,320,g,24,24
385,340,g,24,24
409,354,g,24,24
435,366,g,24,24
452,373,g,24,24
463,377,g,24,24
